// XboxControllerImage --------------------------------
#define XboxControllerImage_W 20
#define XboxControllerImage_H 20

static const unsigned char XboxControllerImage[] = {
    0x00, 0x00, 0x00, 0x00, 0x00, 0x00, 0x00, 0x00, 0x00, 0x00, 0x00, 0x00, 
    0x00, 0x00, 0x00, 0x00, 0x00, 0x00, 0x00, 0x00, 0x00, 0x00, 0x00, 0x00, 
    0x00, 0x00, 0x00, 0x00, 0x00, 0x00, 0x00, 0x00, 0x00, 0x00, 0x00, 0x00, 
    0x00, 0x00, 0x00, 0x00, 0x00, 0x00, 0x00, 0x00, 0x00, 0x00, 0x00, 0x00, 
    0x00, 0x00, 0x00, 0x00, 0x00, 0x00, 0x00, 0x00, 0x00, 0x00, 0x00, 0x00, 
    0x00, 0x00, 0x00, 0x00, 0x00, 0x00, 0x00, 0x00, 0x00, 0x00, 0x00, 0x00, 
    0x00, 0x00, 0x00, 0x00, 0x00, 0x00, 0x00, 0x00, 0x00, 0x00, 0x00, 0x00, 
    0x00, 0x00, 0x00, 0x00, 0x00, 0x00, 0x00, 0x00, 0x00, 0x00, 0x00, 0x00, 
    0x00, 0x00, 0x00, 0x00, 0x00, 0x00, 0x00, 0x00, 0x00, 0x00, 0x00, 0x00, 
    0x00, 0x00, 0x00, 0x00, 0x00, 0x00, 0x00, 0x00, 0x00, 0x00, 0x00, 0x00, 
    0x00, 0x00, 0x00, 0x00, 0x00, 0x00, 0x00, 0x00, 0x00, 0x00, 0x00, 0x00, 
    0x00, 0x00, 0x00, 0x00, 0x00, 0x00, 0x00, 0x00, 0x00, 0x00, 0x00, 0x00, 
    0x00, 0x00, 0x00, 0x00, 0x00, 0x00, 0x00, 0x00, 0x00, 0x00, 0x00, 0x00, 
    0x00, 0x00, 0x00, 0x00, 0x00, 0x00, 0x00, 0x00, 0x00, 0x00, 0x00, 0x00, 
    0x00, 0x00, 0x00, 0x00, 0x00, 0x00, 0x00, 0x00, 0x00, 0x00, 0x00, 0x00, 
    0x00, 0x00, 0x00, 0x00, 0x00, 0x00, 0x00, 0x00, 0x00, 0x00, 0x00, 0x00, 
    0x00, 0x00, 0x00, 0x00, 0x00, 0x00, 0x00, 0x00, 0x00, 0x00, 0x00, 0x00, 
    0x00, 0x00, 0x00, 0x00, 0x00, 0x00, 0x00, 0x00, 0x00, 0x00, 0x00, 0x00, 
    0x00, 0x00, 0x00, 0x00, 0x00, 0x00, 0x00, 0x00, 0x00, 0x00, 0x00, 0x00, 
    0x00, 0x00, 0x00, 0x00, 0x00, 0x00, 0x00, 0x00, 0x00, 0x00, 0x00, 0x00, 
    0x00, 0x00, 0x00, 0x00, 0x00, 0x00, 0x00, 0x00, 0x00, 0x00, 0x00, 0x00, 
    0x00, 0x00, 0x00, 0x00, 0x00, 0x00, 0x00, 0x01, 0x00, 0x00, 0x00, 0x28, 
    0x00, 0x00, 0x00, 0x2B, 0x00, 0x00, 0x00, 0x00, 0x00, 0x00, 0x00, 0x00, 
    0x00, 0x00, 0x00, 0x00, 0x00, 0x00, 0x00, 0x00, 0x00, 0x00, 0x00, 0x00, 
    0x00, 0x00, 0x00, 0x00, 0x00, 0x00, 0x00, 0x2B, 0x00, 0x00, 0x00, 0x28, 
    0x00, 0x00, 0x00, 0x01, 0x00, 0x00, 0x00, 0x00, 0x00, 0x00, 0x00, 0x00, 
    0x00, 0x00, 0x00, 0x00, 0x00, 0x00, 0x00, 0x00, 0x00, 0x00, 0x00, 0x00, 
    0x00, 0x00, 0x00, 0x00, 0x00, 0x00, 0x00, 0x00, 0x00, 0x00, 0x00, 0x1A, 
    0x00, 0x00, 0x00, 0xCF, 0x00, 0x00, 0x00, 0xCA, 0x00, 0x00, 0x00, 0x95, 
    0x00, 0x00, 0x00, 0x80, 0x00, 0x00, 0x00, 0x80, 0x00, 0x00, 0x00, 0x80, 
    0x00, 0x00, 0x00, 0x80, 0x00, 0x00, 0x00, 0x80, 0x00, 0x00, 0x00, 0x80, 
    0x00, 0x00, 0x00, 0x95, 0x00, 0x00, 0x00, 0xCA, 0x00, 0x00, 0x00, 0xD0, 
    0x00, 0x00, 0x00, 0x1A, 0x00, 0x00, 0x00, 0x00, 0x00, 0x00, 0x00, 0x00, 
    0x00, 0x00, 0x00, 0x00, 0x00, 0x00, 0x00, 0x00, 0x00, 0x00, 0x00, 0x00, 
    0x00, 0x00, 0x00, 0x00, 0x00, 0x00, 0x00, 0x7C, 0x00, 0x00, 0x00, 0x44, 
    0x00, 0x00, 0x00, 0x00, 0x00, 0x00, 0x00, 0x00, 0x00, 0x00, 0x00, 0x00, 
    0x00, 0x00, 0x00, 0x00, 0x00, 0x00, 0x00, 0x6E, 0x00, 0x00, 0x00, 0x6E, 
    0x00, 0x00, 0x00, 0x00, 0x00, 0x00, 0x00, 0x00, 0x00, 0x00, 0x00, 0x00, 
    0x00, 0x00, 0x00, 0x00, 0x00, 0x00, 0x00, 0x44, 0x00, 0x00, 0x00, 0x7C, 
    0x00, 0x00, 0x00, 0x00, 0x00, 0x00, 0x00, 0x00, 0x00, 0x00, 0x00, 0x00, 
    0x00, 0x00, 0x00, 0x00, 0x00, 0x00, 0x00, 0x00, 0x00, 0x00, 0x00, 0x1C, 
    0x00, 0x00, 0x00, 0x72, 0x00, 0x00, 0x00, 0x0E, 0x00, 0x00, 0x00, 0x73, 
    0x00, 0x00, 0x00, 0x26, 0x00, 0x00, 0x00, 0x00, 0x00, 0x00, 0x00, 0x00, 
    0x00, 0x00, 0x00, 0x6E, 0x00, 0x00, 0x00, 0x6E, 0x00, 0x00, 0x00, 0x00, 
    0x00, 0x00, 0x00, 0x00, 0x00, 0x00, 0x00, 0x06, 0x00, 0x00, 0x00, 0xBB, 
    0x00, 0x00, 0x00, 0x00, 0x00, 0x00, 0x00, 0x72, 0x00, 0x00, 0x00, 0x1C, 
    0x00, 0x00, 0x00, 0x00, 0x00, 0x00, 0x00, 0x00, 0x00, 0x00, 0x00, 0x00, 
    0x00, 0x00, 0x00, 0x00, 0x00, 0x00, 0x00, 0x73, 0x00, 0x00, 0x00, 0x14, 
    0x00, 0x00, 0x00, 0x73, 0x00, 0x00, 0x00, 0xFF, 0x00, 0x00, 0x00, 0xB2, 
    0x00, 0x00, 0x00, 0x00, 0x00, 0x00, 0x00, 0x6E, 0x00, 0x00, 0x00, 0x00, 
    0x00, 0x00, 0x00, 0x00, 0x00, 0x00, 0x00, 0x6E, 0x00, 0x00, 0x00, 0x06, 
    0x00, 0x00, 0x00, 0xBB, 0x00, 0x00, 0x00, 0x08, 0x00, 0x00, 0x00, 0xBB, 
    0x00, 0x00, 0x00, 0x14, 0x00, 0x00, 0x00, 0x73, 0x00, 0x00, 0x00, 0x00, 
    0x00, 0x00, 0x00, 0x00, 0x00, 0x00, 0x00, 0x00, 0x00, 0x00, 0x00, 0x00, 
    0x00, 0x00, 0x00, 0x87, 0x00, 0x00, 0x00, 0x00, 0x00, 0x00, 0x00, 0x26, 
    0x00, 0x00, 0x00, 0xB2, 0x00, 0x00, 0x00, 0x4D, 0x00, 0x00, 0x00, 0x00, 
    0x00, 0x00, 0x00, 0x00, 0x00, 0x00, 0x00, 0x7F, 0x00, 0x00, 0x00, 0x7F, 
    0x00, 0x00, 0x00, 0x00, 0x00, 0x00, 0x00, 0x00, 0x00, 0x00, 0x00, 0x08, 
    0x00, 0x00, 0x00, 0xBB, 0x00, 0x00, 0x00, 0x02, 0x00, 0x00, 0x00, 0x00, 
    0x00, 0x00, 0x00, 0x87, 0x00, 0x00, 0x00, 0x00, 0x00, 0x00, 0x00, 0x00, 
    0x00, 0x00, 0x00, 0x00, 0x00, 0x00, 0x00, 0x26, 0x00, 0x00, 0x00, 0x61, 
    0x00, 0x00, 0x00, 0x00, 0x00, 0x00, 0x00, 0x00, 0x00, 0x00, 0x00, 0x00, 
    0x00, 0x00, 0x00, 0x05, 0x00, 0x00, 0x00, 0x36, 0x00, 0x00, 0x00, 0x05, 
    0x00, 0x00, 0x00, 0x00, 0x00, 0x00, 0x00, 0x00, 0x00, 0x00, 0x00, 0x4E, 
    0x00, 0x00, 0x00, 0xB3, 0x00, 0x00, 0x00, 0x25, 0x00, 0x00, 0x00, 0x02, 
    0x00, 0x00, 0x00, 0x00, 0x00, 0x00, 0x00, 0x00, 0x00, 0x00, 0x00, 0x62, 
    0x00, 0x00, 0x00, 0x25, 0x00, 0x00, 0x00, 0x00, 0x00, 0x00, 0x00, 0x00, 
    0x00, 0x00, 0x00, 0x74, 0x00, 0x00, 0x00, 0x12, 0x00, 0x00, 0x00, 0x00, 
    0x00, 0x00, 0x00, 0x00, 0x00, 0x00, 0x00, 0x00, 0x00, 0x00, 0x00, 0x98, 
    0x00, 0x00, 0x00, 0xFF, 0x00, 0x00, 0x00, 0x98, 0x00, 0x00, 0x00, 0x00, 
    0x00, 0x00, 0x00, 0x00, 0x00, 0x00, 0x00, 0xB3, 0x00, 0x00, 0x00, 0xFF, 
    0x00, 0x00, 0x00, 0x72, 0x00, 0x00, 0x00, 0x00, 0x00, 0x00, 0x00, 0x00, 
    0x00, 0x00, 0x00, 0x00, 0x00, 0x00, 0x00, 0x13, 0x00, 0x00, 0x00, 0x74, 
    0x00, 0x00, 0x00, 0x00, 0x00, 0x00, 0x00, 0x00, 0x00, 0x00, 0x00, 0x86, 
    0x00, 0x00, 0x00, 0x00, 0x00, 0x00, 0x00, 0x00, 0x00, 0x00, 0x00, 0x00, 
    0x00, 0x00, 0x00, 0x00, 0x00, 0x00, 0x00, 0x98, 0x00, 0x00, 0x00, 0xFF, 
    0x00, 0x00, 0x00, 0x97, 0x00, 0x00, 0x00, 0x00, 0x00, 0x00, 0x00, 0x00, 
    0x00, 0x00, 0x00, 0x25, 0x00, 0x00, 0x00, 0x73, 0x00, 0x00, 0x00, 0x0D, 
    0x00, 0x00, 0x00, 0x00, 0x00, 0x00, 0x00, 0x00, 0x00, 0x00, 0x00, 0x00, 
    0x00, 0x00, 0x00, 0x00, 0x00, 0x00, 0x00, 0x86, 0x00, 0x00, 0x00, 0x00, 
    0x00, 0x00, 0x00, 0x10, 0x00, 0x00, 0x00, 0x73, 0x00, 0x00, 0x00, 0x00, 
    0x00, 0x00, 0x00, 0x00, 0x00, 0x00, 0x00, 0x00, 0x00, 0x00, 0x00, 0x00, 
    0x00, 0x00, 0x00, 0x05, 0x00, 0x00, 0x00, 0x36, 0x00, 0x00, 0x00, 0x05, 
    0x00, 0x00, 0x00, 0x00, 0x00, 0x00, 0x00, 0x00, 0x00, 0x00, 0x00, 0x00, 
    0x00, 0x00, 0x00, 0x00, 0x00, 0x00, 0x00, 0x00, 0x00, 0x00, 0x00, 0x00, 
    0x00, 0x00, 0x00, 0x00, 0x00, 0x00, 0x00, 0x00, 0x00, 0x00, 0x00, 0x00, 
    0x00, 0x00, 0x00, 0x74, 0x00, 0x00, 0x00, 0x0F, 0x00, 0x00, 0x00, 0x35, 
    0x00, 0x00, 0x00, 0x4B, 0x00, 0x00, 0x00, 0x00, 0x00, 0x00, 0x00, 0x00, 
    0x00, 0x00, 0x00, 0x01, 0x00, 0x00, 0x00, 0x7A, 0x00, 0x00, 0x00, 0x82, 
    0x00, 0x00, 0x00, 0x2E, 0x00, 0x00, 0x00, 0x2C, 0x00, 0x00, 0x00, 0x2C, 
    0x00, 0x00, 0x00, 0x2C, 0x00, 0x00, 0x00, 0x2C, 0x00, 0x00, 0x00, 0x2E, 
    0x00, 0x00, 0x00, 0x82, 0x00, 0x00, 0x00, 0x7A, 0x00, 0x00, 0x00, 0x01, 
    0x00, 0x00, 0x00, 0x00, 0x00, 0x00, 0x00, 0x00, 0x00, 0x00, 0x00, 0x4B, 
    0x00, 0x00, 0x00, 0x35, 0x00, 0x00, 0x00, 0x33, 0x00, 0x00, 0x00, 0x51, 
    0x00, 0x00, 0x00, 0x00, 0x00, 0x00, 0x00, 0x00, 0x00, 0x00, 0x00, 0x7D, 
    0x00, 0x00, 0x00, 0x34, 0x00, 0x00, 0x00, 0x00, 0x00, 0x00, 0x00, 0x00, 
    0x00, 0x00, 0x00, 0x00, 0x00, 0x00, 0x00, 0x00, 0x00, 0x00, 0x00, 0x00, 
    0x00, 0x00, 0x00, 0x00, 0x00, 0x00, 0x00, 0x00, 0x00, 0x00, 0x00, 0x00, 
    0x00, 0x00, 0x00, 0x34, 0x00, 0x00, 0x00, 0x7D, 0x00, 0x00, 0x00, 0x00, 
    0x00, 0x00, 0x00, 0x00, 0x00, 0x00, 0x00, 0x51, 0x00, 0x00, 0x00, 0x33, 
    0x00, 0x00, 0x00, 0x02, 0x00, 0x00, 0x00, 0x92, 0x00, 0x00, 0x00, 0x13, 
    0x00, 0x00, 0x00, 0x76, 0x00, 0x00, 0x00, 0x3A, 0x00, 0x00, 0x00, 0x00, 
    0x00, 0x00, 0x00, 0x00, 0x00, 0x00, 0x00, 0x00, 0x00, 0x00, 0x00, 0x00, 
    0x00, 0x00, 0x00, 0x00, 0x00, 0x00, 0x00, 0x00, 0x00, 0x00, 0x00, 0x00, 
    0x00, 0x00, 0x00, 0x00, 0x00, 0x00, 0x00, 0x00, 0x00, 0x00, 0x00, 0x00, 
    0x00, 0x00, 0x00, 0x3A, 0x00, 0x00, 0x00, 0x76, 0x00, 0x00, 0x00, 0x13, 
    0x00, 0x00, 0x00, 0x92, 0x00, 0x00, 0x00, 0x02, 0x00, 0x00, 0x00, 0x00, 
    0x00, 0x00, 0x00, 0x0E, 0x00, 0x00, 0x00, 0x86, 0x00, 0x00, 0x00, 0x41, 
    0x00, 0x00, 0x00, 0x00, 0x00, 0x00, 0x00, 0x00, 0x00, 0x00, 0x00, 0x00, 
    0x00, 0x00, 0x00, 0x00, 0x00, 0x00, 0x00, 0x00, 0x00, 0x00, 0x00, 0x00, 
    0x00, 0x00, 0x00, 0x00, 0x00, 0x00, 0x00, 0x00, 0x00, 0x00, 0x00, 0x00, 
    0x00, 0x00, 0x00, 0x00, 0x00, 0x00, 0x00, 0x00, 0x00, 0x00, 0x00, 0x00, 
    0x00, 0x00, 0x00, 0x41, 0x00, 0x00, 0x00, 0x86, 0x00, 0x00, 0x00, 0x0E, 
    0x00, 0x00, 0x00, 0x00, 0x00, 0x00, 0x00, 0x00, 0x00, 0x00, 0x00, 0x00, 
    0x00, 0x00, 0x00, 0x00, 0x00, 0x00, 0x00, 0x00, 0x00, 0x00, 0x00, 0x00, 
    0x00, 0x00, 0x00, 0x00, 0x00, 0x00, 0x00, 0x00, 0x00, 0x00, 0x00, 0x00, 
    0x00, 0x00, 0x00, 0x00, 0x00, 0x00, 0x00, 0x00, 0x00, 0x00, 0x00, 0x00, 
    0x00, 0x00, 0x00, 0x00, 0x00, 0x00, 0x00, 0x00, 0x00, 0x00, 0x00, 0x00, 
    0x00, 0x00, 0x00, 0x00, 0x00, 0x00, 0x00, 0x00, 0x00, 0x00, 0x00, 0x00, 
    0x00, 0x00, 0x00, 0x00, 0x00, 0x00, 0x00, 0x00, 0x00, 0x00, 0x00, 0x00, 
    0x00, 0x00, 0x00, 0x00, 0x00, 0x00, 0x00, 0x00, 0x00, 0x00, 0x00, 0x00, 
    0x00, 0x00, 0x00, 0x00, 0x00, 0x00, 0x00, 0x00, 0x00, 0x00, 0x00, 0x00, 
    0x00, 0x00, 0x00, 0x00, 0x00, 0x00, 0x00, 0x00, 0x00, 0x00, 0x00, 0x00, 
    0x00, 0x00, 0x00, 0x00, 0x00, 0x00, 0x00, 0x00, 0x00, 0x00, 0x00, 0x00, 
    0x00, 0x00, 0x00, 0x00, 0x00, 0x00, 0x00, 0x00, 0x00, 0x00, 0x00, 0x00, 
    0x00, 0x00, 0x00, 0x00, 0x00, 0x00, 0x00, 0x00, 0x00, 0x00, 0x00, 0x00, 
    0x00, 0x00, 0x00, 0x00, 0x00, 0x00, 0x00, 0x00, 0x00, 0x00, 0x00, 0x00, 
    0x00, 0x00, 0x00, 0x00, 0x00, 0x00, 0x00, 0x00, 0x00, 0x00, 0x00, 0x00, 
    0x00, 0x00, 0x00, 0x00, 0x00, 0x00, 0x00, 0x00, 0x00, 0x00, 0x00, 0x00, 
    0x00, 0x00, 0x00, 0x00, 0x00, 0x00, 0x00, 0x00, 0x00, 0x00, 0x00, 0x00, 
    0x00, 0x00, 0x00, 0x00, 0x00, 0x00, 0x00, 0x00, 0x00, 0x00, 0x00, 0x00, 
    0x00, 0x00, 0x00, 0x00, 0x00, 0x00, 0x00, 0x00, 0x00, 0x00, 0x00, 0x00, 
    0x00, 0x00, 0x00, 0x00, 0x00, 0x00, 0x00, 0x00, 0x00, 0x00, 0x00, 0x00, 
    0x00, 0x00, 0x00, 0x00, 
};
static const unsigned int XboxControllerImage_len = 1600;
//--------------------------------
// GenericControllerImage --------------------------------
#define GenericControllerImage_W 20
#define GenericControllerImage_H 20

static const unsigned char GenericControllerImage[] = {
    0x00, 0x00, 0x00, 0x00, 0x00, 0x00, 0x00, 0x00, 0x00, 0x00, 0x00, 0x00, 
    0x00, 0x00, 0x00, 0x00, 0x00, 0x00, 0x00, 0x00, 0x00, 0x00, 0x00, 0x00, 
    0x00, 0x00, 0x00, 0x00, 0x00, 0x00, 0x00, 0x00, 0x00, 0x00, 0x00, 0x00, 
    0x00, 0x00, 0x00, 0x00, 0x00, 0x00, 0x00, 0x00, 0x00, 0x00, 0x00, 0x00, 
    0x00, 0x00, 0x00, 0x00, 0x00, 0x00, 0x00, 0x00, 0x00, 0x00, 0x00, 0x00, 
    0x00, 0x00, 0x00, 0x00, 0x00, 0x00, 0x00, 0x00, 0x00, 0x00, 0x00, 0x00, 
    0x00, 0x00, 0x00, 0x00, 0x00, 0x00, 0x00, 0x00, 0x00, 0x00, 0x00, 0x00, 
    0x00, 0x00, 0x00, 0x00, 0x00, 0x00, 0x00, 0x00, 0x00, 0x00, 0x00, 0x00, 
    0x00, 0x00, 0x00, 0x00, 0x00, 0x00, 0x00, 0x00, 0x00, 0x00, 0x00, 0x00, 
    0x00, 0x00, 0x00, 0x00, 0x00, 0x00, 0x00, 0x00, 0x00, 0x00, 0x00, 0x00, 
    0x00, 0x00, 0x00, 0x00, 0x00, 0x00, 0x00, 0x00, 0x00, 0x00, 0x00, 0x00, 
    0x00, 0x00, 0x00, 0x00, 0x00, 0x00, 0x00, 0x00, 0x00, 0x00, 0x00, 0x00, 
    0x00, 0x00, 0x00, 0x00, 0x00, 0x00, 0x00, 0x00, 0x00, 0x00, 0x00, 0x00, 
    0x00, 0x00, 0x00, 0x00, 0x00, 0x00, 0x00, 0x00, 0x00, 0x00, 0x00, 0x00, 
    0x00, 0x00, 0x00, 0x00, 0x00, 0x00, 0x00, 0x00, 0x00, 0x00, 0x00, 0x00, 
    0x00, 0x00, 0x00, 0x00, 0x00, 0x00, 0x00, 0x00, 0x00, 0x00, 0x00, 0x00, 
    0x00, 0x00, 0x00, 0x00, 0x00, 0x00, 0x00, 0x00, 0x00, 0x00, 0x00, 0x00, 
    0x00, 0x00, 0x00, 0x00, 0x00, 0x00, 0x00, 0x00, 0x00, 0x00, 0x00, 0x00, 
    0x00, 0x00, 0x00, 0x00, 0x00, 0x00, 0x00, 0x00, 0x00, 0x00, 0x00, 0x00, 
    0x00, 0x00, 0x00, 0x00, 0x00, 0x00, 0x00, 0x00, 0x00, 0x00, 0x00, 0x00, 
    0x00, 0x00, 0x00, 0x00, 0x00, 0x00, 0x00, 0x00, 0x00, 0x00, 0x00, 0x00, 
    0x00, 0x00, 0x00, 0x2B, 0x00, 0x00, 0x00, 0xA0, 0x00, 0x00, 0x00, 0xC5, 
    0x00, 0x00, 0x00, 0x8C, 0x00, 0x00, 0x00, 0x1F, 0x00, 0x00, 0x00, 0x00, 
    0x00, 0x00, 0x00, 0x00, 0x00, 0x00, 0x00, 0x00, 0x00, 0x00, 0x00, 0x00, 
    0x00, 0x00, 0x00, 0x24, 0x00, 0x00, 0x00, 0x93, 0x00, 0x00, 0x00, 0xC6, 
    0x00, 0x00, 0x00, 0x9C, 0x00, 0x00, 0x00, 0x25, 0x00, 0x00, 0x00, 0x00, 
    0x00, 0x00, 0x00, 0x00, 0x00, 0x00, 0x00, 0x00, 0x00, 0x00, 0x00, 0x00, 
    0x00, 0x00, 0x00, 0x00, 0x00, 0x00, 0x00, 0x3C, 0x00, 0x00, 0x00, 0xED, 
    0x00, 0x00, 0x00, 0xFF, 0x00, 0x00, 0x00, 0xFF, 0x00, 0x00, 0x00, 0xFF, 
    0x00, 0x00, 0x00, 0xF0, 0x00, 0x00, 0x00, 0x88, 0x00, 0x00, 0x00, 0x1A, 
    0x00, 0x00, 0x00, 0x1E, 0x00, 0x00, 0x00, 0x91, 0x00, 0x00, 0x00, 0xF3, 
    0x00, 0x00, 0x00, 0xFF, 0x00, 0x00, 0x00, 0xFF, 0x00, 0x00, 0x00, 0xFF, 
    0x00, 0x00, 0x00, 0xE7, 0x00, 0x00, 0x00, 0x32, 0x00, 0x00, 0x00, 0x00, 
    0x00, 0x00, 0x00, 0x00, 0x00, 0x00, 0x00, 0x00, 0x00, 0x00, 0x00, 0x0F, 
    0x00, 0x00, 0x00, 0xDA, 0x00, 0x00, 0x00, 0xFF, 0x00, 0x00, 0x00, 0xFF, 
    0x00, 0x00, 0x00, 0xFF, 0x00, 0x00, 0x00, 0xFF, 0x00, 0x00, 0x00, 0xFF, 
    0x00, 0x00, 0x00, 0xFF, 0x00, 0x00, 0x00, 0xFF, 0x00, 0x00, 0x00, 0xFF, 
    0x00, 0x00, 0x00, 0xFF, 0x00, 0x00, 0x00, 0xFF, 0x00, 0x00, 0x00, 0xFF, 
    0x00, 0x00, 0x00, 0xFF, 0x00, 0x00, 0x00, 0xFF, 0x00, 0x00, 0x00, 0xFF, 
    0x00, 0x00, 0x00, 0xD2, 0x00, 0x00, 0x00, 0x0C, 0x00, 0x00, 0x00, 0x00, 
    0x00, 0x00, 0x00, 0x00, 0x00, 0x00, 0x00, 0x74, 0x00, 0x00, 0x00, 0xFF, 
    0x00, 0x00, 0x00, 0xFF, 0x00, 0x00, 0x00, 0xFF, 0x00, 0x00, 0x00, 0xFF, 
    0x00, 0x00, 0x00, 0xFF, 0x00, 0x00, 0x00, 0xFF, 0x00, 0x00, 0x00, 0xFF, 
    0x00, 0x00, 0x00, 0xFF, 0x00, 0x00, 0x00, 0xFF, 0x00, 0x00, 0x00, 0xFF, 
    0x00, 0x00, 0x00, 0xFF, 0x00, 0x00, 0x00, 0xFF, 0x00, 0x00, 0x00, 0xFF, 
    0x00, 0x00, 0x00, 0xFF, 0x00, 0x00, 0x00, 0xFF, 0x00, 0x00, 0x00, 0xFF, 
    0x00, 0x00, 0x00, 0x67, 0x00, 0x00, 0x00, 0x00, 0x00, 0x00, 0x00, 0x06, 
    0x00, 0x00, 0x00, 0xD7, 0x00, 0x00, 0x00, 0xFF, 0x00, 0x00, 0x00, 0xF1, 
    0x00, 0x00, 0x00, 0x77, 0x00, 0x00, 0x00, 0x37, 0x00, 0x00, 0x00, 0x5E, 
    0x00, 0x00, 0x00, 0xDB, 0x00, 0x00, 0x00, 0xFF, 0x00, 0x00, 0x00, 0xFF, 
    0x00, 0x00, 0x00, 0xFF, 0x00, 0x00, 0x00, 0xFF, 0x00, 0x00, 0x00, 0xFF, 
    0x00, 0x00, 0x00, 0xF1, 0x00, 0x00, 0x00, 0x89, 0x00, 0x00, 0x00, 0xFF, 
    0x00, 0x00, 0x00, 0xFF, 0x00, 0x00, 0x00, 0xFF, 0x00, 0x00, 0x00, 0xCB, 
    0x00, 0x00, 0x00, 0x04, 0x00, 0x00, 0x00, 0x31, 0x00, 0x00, 0x00, 0xFF, 
    0x00, 0x00, 0x00, 0xFF, 0x00, 0x00, 0x00, 0x5E, 0x00, 0x00, 0x00, 0x6B, 
    0x00, 0x00, 0x00, 0xD7, 0x00, 0x00, 0x00, 0x95, 0x00, 0x00, 0x00, 0x34, 
    0x00, 0x00, 0x00, 0xF3, 0x00, 0x00, 0x00, 0xFF, 0x00, 0x00, 0x00, 0xFF, 
    0x00, 0x00, 0x00, 0xFF, 0x00, 0x00, 0x00, 0xFF, 0x00, 0x00, 0x00, 0xDF, 
    0x00, 0x00, 0x00, 0x30, 0x00, 0x00, 0x00, 0xFF, 0x00, 0x00, 0x00, 0xFF, 
    0x00, 0x00, 0x00, 0xFF, 0x00, 0x00, 0x00, 0xFD, 0x00, 0x00, 0x00, 0x25, 
    0x00, 0x00, 0x00, 0x73, 0x00, 0x00, 0x00, 0xFF, 0x00, 0x00, 0x00, 0xEE, 
    0x00, 0x00, 0x00, 0x29, 0x00, 0x00, 0x00, 0xF3, 0x00, 0x00, 0x00, 0xFF, 
    0x00, 0x00, 0x00, 0xFE, 0x00, 0x00, 0x00, 0x47, 0x00, 0x00, 0x00, 0xC4, 
    0x00, 0x00, 0x00, 0xFF, 0x00, 0x00, 0x00, 0xFF, 0x00, 0x00, 0x00, 0xF0, 
    0x00, 0x00, 0x00, 0x66, 0x00, 0x00, 0x00, 0x52, 0x00, 0x00, 0x00, 0x12, 
    0x00, 0x00, 0x00, 0x5E, 0x00, 0x00, 0x00, 0x7E, 0x00, 0x00, 0x00, 0xFF, 
    0x00, 0x00, 0x00, 0xFF, 0x00, 0x00, 0x00, 0x66, 0x00, 0x00, 0x00, 0xA3, 
    0x00, 0x00, 0x00, 0xFF, 0x00, 0x00, 0x00, 0xF5, 0x00, 0x00, 0x00, 0x28, 
    0x00, 0x00, 0x00, 0xE3, 0x00, 0x00, 0x00, 0xFF, 0x00, 0x00, 0x00, 0xF8, 
    0x00, 0x00, 0x00, 0x36, 0x00, 0x00, 0x00, 0xD2, 0x00, 0x00, 0x00, 0xFF, 
    0x00, 0x00, 0x00, 0xFF, 0x00, 0x00, 0x00, 0xFA, 0x00, 0x00, 0x00, 0xB5, 
    0x00, 0x00, 0x00, 0x97, 0x00, 0x00, 0x00, 0x21, 0x00, 0x00, 0x00, 0xAD, 
    0x00, 0x00, 0x00, 0xC4, 0x00, 0x00, 0x00, 0xFF, 0x00, 0x00, 0x00, 0xFF, 
    0x00, 0x00, 0x00, 0x96, 0x00, 0x00, 0x00, 0xC4, 0x00, 0x00, 0x00, 0xFF, 
    0x00, 0x00, 0x00, 0xFF, 0x00, 0x00, 0x00, 0x93, 0x00, 0x00, 0x00, 0x32, 
    0x00, 0x00, 0x00, 0x87, 0x00, 0x00, 0x00, 0x4D, 0x00, 0x00, 0x00, 0x5E, 
    0x00, 0x00, 0x00, 0xFB, 0x00, 0x00, 0x00, 0xFF, 0x00, 0x00, 0x00, 0xFF, 
    0x00, 0x00, 0x00, 0xFF, 0x00, 0x00, 0x00, 0xFF, 0x00, 0x00, 0x00, 0xE0, 
    0x00, 0x00, 0x00, 0x32, 0x00, 0x00, 0x00, 0xFF, 0x00, 0x00, 0x00, 0xFF, 
    0x00, 0x00, 0x00, 0xFF, 0x00, 0x00, 0x00, 0xFF, 0x00, 0x00, 0x00, 0xB6, 
    0x00, 0x00, 0x00, 0xD6, 0x00, 0x00, 0x00, 0xFF, 0x00, 0x00, 0x00, 0xFF, 
    0x00, 0x00, 0x00, 0xFE, 0x00, 0x00, 0x00, 0xC2, 0x00, 0x00, 0x00, 0x87, 
    0x00, 0x00, 0x00, 0xAC, 0x00, 0x00, 0x00, 0xF8, 0x00, 0x00, 0x00, 0xFF, 
    0x00, 0x00, 0x00, 0xFF, 0x00, 0x00, 0x00, 0xFF, 0x00, 0x00, 0x00, 0xFF, 
    0x00, 0x00, 0x00, 0xFF, 0x00, 0x00, 0x00, 0xFA, 0x00, 0x00, 0x00, 0xC8, 
    0x00, 0x00, 0x00, 0xFF, 0x00, 0x00, 0x00, 0xFF, 0x00, 0x00, 0x00, 0xFF, 
    0x00, 0x00, 0x00, 0xFF, 0x00, 0x00, 0x00, 0xC8, 0x00, 0x00, 0x00, 0xD6, 
    0x00, 0x00, 0x00, 0xFF, 0x00, 0x00, 0x00, 0xFF, 0x00, 0x00, 0x00, 0xFF, 
    0x00, 0x00, 0x00, 0xFF, 0x00, 0x00, 0x00, 0xFF, 0x00, 0x00, 0x00, 0xFF, 
    0x00, 0x00, 0x00, 0xFF, 0x00, 0x00, 0x00, 0xFF, 0x00, 0x00, 0x00, 0xFF, 
    0x00, 0x00, 0x00, 0xFF, 0x00, 0x00, 0x00, 0xFF, 0x00, 0x00, 0x00, 0xFF, 
    0x00, 0x00, 0x00, 0xFF, 0x00, 0x00, 0x00, 0xFF, 0x00, 0x00, 0x00, 0xFF, 
    0x00, 0x00, 0x00, 0xFF, 0x00, 0x00, 0x00, 0xFF, 0x00, 0x00, 0x00, 0xFF, 
    0x00, 0x00, 0x00, 0xC8, 0x00, 0x00, 0x00, 0xC0, 0x00, 0x00, 0x00, 0xFF, 
    0x00, 0x00, 0x00, 0xFF, 0x00, 0x00, 0x00, 0xFF, 0x00, 0x00, 0x00, 0xFF, 
    0x00, 0x00, 0x00, 0xFF, 0x00, 0x00, 0x00, 0xFF, 0x00, 0x00, 0x00, 0xFF, 
    0x00, 0x00, 0x00, 0xFF, 0x00, 0x00, 0x00, 0xFF, 0x00, 0x00, 0x00, 0xFF, 
    0x00, 0x00, 0x00, 0xFF, 0x00, 0x00, 0x00, 0xFF, 0x00, 0x00, 0x00, 0xFF, 
    0x00, 0x00, 0x00, 0xFF, 0x00, 0x00, 0x00, 0xFF, 0x00, 0x00, 0x00, 0xFF, 
    0x00, 0x00, 0x00, 0xFF, 0x00, 0x00, 0x00, 0xFF, 0x00, 0x00, 0x00, 0xB3, 
    0x00, 0x00, 0x00, 0x94, 0x00, 0x00, 0x00, 0xFF, 0x00, 0x00, 0x00, 0xFF, 
    0x00, 0x00, 0x00, 0xFF, 0x00, 0x00, 0x00, 0xFF, 0x00, 0x00, 0x00, 0xFF, 
    0x00, 0x00, 0x00, 0xCF, 0x00, 0x00, 0x00, 0x5B, 0x00, 0x00, 0x00, 0x1D, 
    0x00, 0x00, 0x00, 0x07, 0x00, 0x00, 0x00, 0x07, 0x00, 0x00, 0x00, 0x20, 
    0x00, 0x00, 0x00, 0x60, 0x00, 0x00, 0x00, 0xD5, 0x00, 0x00, 0x00, 0xFF, 
    0x00, 0x00, 0x00, 0xFF, 0x00, 0x00, 0x00, 0xFF, 0x00, 0x00, 0x00, 0xFF, 
    0x00, 0x00, 0x00, 0xFF, 0x00, 0x00, 0x00, 0x89, 0x00, 0x00, 0x00, 0x4A, 
    0x00, 0x00, 0x00, 0xFF, 0x00, 0x00, 0x00, 0xFF, 0x00, 0x00, 0x00, 0xFF, 
    0x00, 0x00, 0x00, 0xFF, 0x00, 0x00, 0x00, 0x9C, 0x00, 0x00, 0x00, 0x0A, 
    0x00, 0x00, 0x00, 0x00, 0x00, 0x00, 0x00, 0x00, 0x00, 0x00, 0x00, 0x00, 
    0x00, 0x00, 0x00, 0x00, 0x00, 0x00, 0x00, 0x00, 0x00, 0x00, 0x00, 0x00, 
    0x00, 0x00, 0x00, 0x0D, 0x00, 0x00, 0x00, 0xA6, 0x00, 0x00, 0x00, 0xFF, 
    0x00, 0x00, 0x00, 0xFF, 0x00, 0x00, 0x00, 0xFF, 0x00, 0x00, 0x00, 0xFE, 
    0x00, 0x00, 0x00, 0x40, 0x00, 0x00, 0x00, 0x07, 0x00, 0x00, 0x00, 0xC6, 
    0x00, 0x00, 0x00, 0xFF, 0x00, 0x00, 0x00, 0xFE, 0x00, 0x00, 0x00, 0x93, 
    0x00, 0x00, 0x00, 0x04, 0x00, 0x00, 0x00, 0x00, 0x00, 0x00, 0x00, 0x00, 
    0x00, 0x00, 0x00, 0x00, 0x00, 0x00, 0x00, 0x00, 0x00, 0x00, 0x00, 0x00, 
    0x00, 0x00, 0x00, 0x00, 0x00, 0x00, 0x00, 0x00, 0x00, 0x00, 0x00, 0x00, 
    0x00, 0x00, 0x00, 0x06, 0x00, 0x00, 0x00, 0xA0, 0x00, 0x00, 0x00, 0xFF, 
    0x00, 0x00, 0x00, 0xFF, 0x00, 0x00, 0x00, 0xBF, 0x00, 0x00, 0x00, 0x05, 
    0x00, 0x00, 0x00, 0x00, 0x00, 0x00, 0x00, 0x19, 0x00, 0x00, 0x00, 0x80, 
    0x00, 0x00, 0x00, 0x60, 0x00, 0x00, 0x00, 0x05, 0x00, 0x00, 0x00, 0x00, 
    0x00, 0x00, 0x00, 0x00, 0x00, 0x00, 0x00, 0x00, 0x00, 0x00, 0x00, 0x00, 
    0x00, 0x00, 0x00, 0x00, 0x00, 0x00, 0x00, 0x00, 0x00, 0x00, 0x00, 0x00, 
    0x00, 0x00, 0x00, 0x00, 0x00, 0x00, 0x00, 0x00, 0x00, 0x00, 0x00, 0x00, 
    0x00, 0x00, 0x00, 0x07, 0x00, 0x00, 0x00, 0x68, 0x00, 0x00, 0x00, 0x80, 
    0x00, 0x00, 0x00, 0x17, 0x00, 0x00, 0x00, 0x00, 0x00, 0x00, 0x00, 0x00, 
    0x00, 0x00, 0x00, 0x00, 0x00, 0x00, 0x00, 0x00, 0x00, 0x00, 0x00, 0x00, 
    0x00, 0x00, 0x00, 0x00, 0x00, 0x00, 0x00, 0x00, 0x00, 0x00, 0x00, 0x00, 
    0x00, 0x00, 0x00, 0x00, 0x00, 0x00, 0x00, 0x00, 0x00, 0x00, 0x00, 0x00, 
    0x00, 0x00, 0x00, 0x00, 0x00, 0x00, 0x00, 0x00, 0x00, 0x00, 0x00, 0x00, 
    0x00, 0x00, 0x00, 0x00, 0x00, 0x00, 0x00, 0x00, 0x00, 0x00, 0x00, 0x00, 
    0x00, 0x00, 0x00, 0x00, 0x00, 0x00, 0x00, 0x00, 0x00, 0x00, 0x00, 0x00, 
    0x00, 0x00, 0x00, 0x00, 
};
static const unsigned int GenericControllerImage_len = 1600;
//--------------------------------
// PSControllerImage --------------------------------
#define PSControllerImage_W 30
#define PSControllerImage_H 30

static const unsigned char PSControllerImage[] = {
    0x00, 0x00, 0x00, 0x00, 0x00, 0x00, 0x00, 0x00, 0x00, 0x00, 0x00, 0x00, 
    0x00, 0x00, 0x00, 0x00, 0x00, 0x00, 0x00, 0x00, 0x00, 0x00, 0x00, 0x00, 
    0x00, 0x00, 0x00, 0x00, 0x00, 0x00, 0x00, 0x00, 0x00, 0x00, 0x00, 0x00, 
    0x00, 0x00, 0x00, 0x00, 0x00, 0x00, 0x00, 0x00, 0x00, 0x00, 0x00, 0x00, 
    0x00, 0x00, 0x00, 0x00, 0x00, 0x00, 0x00, 0x00, 0x00, 0x00, 0x00, 0x00, 
    0x00, 0x00, 0x00, 0x00, 0x00, 0x00, 0x00, 0x00, 0x00, 0x00, 0x00, 0x00, 
    0x00, 0x00, 0x00, 0x00, 0x00, 0x00, 0x00, 0x00, 0x00, 0x00, 0x00, 0x00, 
    0x00, 0x00, 0x00, 0x00, 0x00, 0x00, 0x00, 0x00, 0x00, 0x00, 0x00, 0x00, 
    0x00, 0x00, 0x00, 0x00, 0x00, 0x00, 0x00, 0x00, 0x00, 0x00, 0x00, 0x00, 
    0x00, 0x00, 0x00, 0x00, 0x00, 0x00, 0x00, 0x00, 0x00, 0x00, 0x00, 0x00, 
    0x00, 0x00, 0x00, 0x00, 0x00, 0x00, 0x00, 0x00, 0x00, 0x00, 0x00, 0x00, 
    0x00, 0x00, 0x00, 0x00, 0x00, 0x00, 0x00, 0x00, 0x00, 0x00, 0x00, 0x00, 
    0x00, 0x00, 0x00, 0x00, 0x00, 0x00, 0x00, 0x00, 0x00, 0x00, 0x00, 0x00, 
    0x00, 0x00, 0x00, 0x00, 0x00, 0x00, 0x00, 0x00, 0x00, 0x00, 0x00, 0x00, 
    0x00, 0x00, 0x00, 0x00, 0x00, 0x00, 0x00, 0x00, 0x00, 0x00, 0x00, 0x00, 
    0x00, 0x00, 0x00, 0x00, 0x00, 0x00, 0x00, 0x00, 0x00, 0x00, 0x00, 0x00, 
    0x00, 0x00, 0x00, 0x00, 0x00, 0x00, 0x00, 0x00, 0x00, 0x00, 0x00, 0x00, 
    0x00, 0x00, 0x00, 0x00, 0x00, 0x00, 0x00, 0x00, 0x00, 0x00, 0x00, 0x00, 
    0x00, 0x00, 0x00, 0x00, 0x00, 0x00, 0x00, 0x00, 0x00, 0x00, 0x00, 0x00, 
    0x00, 0x00, 0x00, 0x00, 0x00, 0x00, 0x00, 0x00, 0x00, 0x00, 0x00, 0x00, 
    0x00, 0x00, 0x00, 0x00, 0x00, 0x00, 0x00, 0x00, 0x00, 0x00, 0x00, 0x00, 
    0x00, 0x00, 0x00, 0x00, 0x00, 0x00, 0x00, 0x00, 0x00, 0x00, 0x00, 0x00, 
    0x00, 0x00, 0x00, 0x00, 0x00, 0x00, 0x00, 0x00, 0x00, 0x00, 0x00, 0x00, 
    0x00, 0x00, 0x00, 0x00, 0x00, 0x00, 0x00, 0x00, 0x00, 0x00, 0x00, 0x00, 
    0x00, 0x00, 0x00, 0x00, 0x00, 0x00, 0x00, 0x00, 0x00, 0x00, 0x00, 0x00, 
    0x00, 0x00, 0x00, 0x00, 0x00, 0x00, 0x00, 0x00, 0x00, 0x00, 0x00, 0x00, 
    0x00, 0x00, 0x00, 0x00, 0x00, 0x00, 0x00, 0x00, 0x00, 0x00, 0x00, 0x00, 
    0x00, 0x00, 0x00, 0x00, 0x00, 0x00, 0x00, 0x00, 0x00, 0x00, 0x00, 0x00, 
    0x00, 0x00, 0x00, 0x00, 0x00, 0x00, 0x00, 0x00, 0x00, 0x00, 0x00, 0x00, 
    0x00, 0x00, 0x00, 0x00, 0x00, 0x00, 0x00, 0x00, 0x00, 0x00, 0x00, 0x00, 
    0x00, 0x00, 0x00, 0x00, 0x00, 0x00, 0x00, 0x00, 0x00, 0x00, 0x00, 0x00, 
    0x00, 0x00, 0x00, 0x00, 0x00, 0x00, 0x00, 0x00, 0x00, 0x00, 0x00, 0x00, 
    0x00, 0x00, 0x00, 0x00, 0x00, 0x00, 0x00, 0x00, 0x00, 0x00, 0x00, 0x00, 
    0x00, 0x00, 0x00, 0x00, 0x00, 0x00, 0x00, 0x00, 0x00, 0x00, 0x00, 0x00, 
    0x00, 0x00, 0x00, 0x00, 0x00, 0x00, 0x00, 0x00, 0x00, 0x00, 0x00, 0x00, 
    0x00, 0x00, 0x00, 0x00, 0x00, 0x00, 0x00, 0x00, 0x00, 0x00, 0x00, 0x00, 
    0x00, 0x00, 0x00, 0x00, 0x00, 0x00, 0x00, 0x00, 0x00, 0x00, 0x00, 0x00, 
    0x00, 0x00, 0x00, 0x00, 0x00, 0x00, 0x00, 0x00, 0x00, 0x00, 0x00, 0x00, 
    0x00, 0x00, 0x00, 0x00, 0x00, 0x00, 0x00, 0x00, 0x00, 0x00, 0x00, 0x00, 
    0x00, 0x00, 0x00, 0x00, 0x00, 0x00, 0x00, 0x00, 0x00, 0x00, 0x00, 0x00, 
    0x00, 0x00, 0x00, 0x00, 0x00, 0x00, 0x00, 0x00, 0x00, 0x00, 0x00, 0x00, 
    0x00, 0x00, 0x00, 0x02, 0x0F, 0x0E, 0x10, 0x45, 0x0F, 0x10, 0x12, 0x92, 
    0x10, 0x11, 0x12, 0xAB, 0x0F, 0x10, 0x12, 0x4A, 0x00, 0x00, 0x00, 0x00, 
    0x00, 0x00, 0x00, 0x00, 0x00, 0x00, 0x00, 0x00, 0x00, 0x00, 0x00, 0x00, 
    0x00, 0x00, 0x00, 0x00, 0x00, 0x00, 0x00, 0x00, 0x00, 0x00, 0x00, 0x00, 
    0x00, 0x00, 0x00, 0x00, 0x00, 0x00, 0x00, 0x00, 0x00, 0x00, 0x00, 0x00, 
    0x00, 0x00, 0x00, 0x00, 0x00, 0x00, 0x00, 0x00, 0x00, 0x00, 0x00, 0x00, 
    0x00, 0x00, 0x00, 0x02, 0x0D, 0x0D, 0x0F, 0x72, 0x0D, 0x0E, 0x0F, 0xAB, 
    0x0C, 0x0E, 0x0F, 0x81, 0x0B, 0x0B, 0x0E, 0x2B, 0x00, 0x00, 0x00, 0x00, 
    0x00, 0x00, 0x00, 0x00, 0x00, 0x00, 0x00, 0x00, 0x00, 0x00, 0x00, 0x00, 
    0x00, 0x00, 0x00, 0x00, 0x00, 0x00, 0x00, 0x00, 0x00, 0x00, 0x00, 0x00, 
    0x41, 0x42, 0x47, 0x65, 0x4C, 0x4E, 0x53, 0xF0, 0x5E, 0x60, 0x63, 0xEA, 
    0x6C, 0x6F, 0x71, 0xF2, 0x88, 0x8A, 0x8D, 0xAD, 0x7B, 0x7D, 0x7D, 0x85, 
    0x99, 0x9C, 0x9D, 0xA1, 0xBC, 0xBF, 0xC1, 0xB3, 0xBD, 0xC0, 0xC2, 0xC7, 
    0xBD, 0xC1, 0xC2, 0xD9, 0xBE, 0xC1, 0xC3, 0xE2, 0xBF, 0xC2, 0xC4, 0xE9, 
    0xBF, 0xC3, 0xC5, 0xE9, 0xBF, 0xC4, 0xC5, 0xE2, 0xC0, 0xC4, 0xC6, 0xD9, 
    0xC1, 0xC4, 0xC7, 0xC7, 0xC1, 0xC5, 0xC7, 0xB3, 0x9F, 0xA2, 0xA4, 0xA1, 
    0x81, 0x83, 0x85, 0x89, 0x7C, 0x7F, 0x81, 0xE5, 0x69, 0x6C, 0x6E, 0xFD, 
    0x57, 0x58, 0x5B, 0xFF, 0x44, 0x46, 0x49, 0xF9, 0x2D, 0x2E, 0x33, 0x1E, 
    0x00, 0x00, 0x00, 0x00, 0x00, 0x00, 0x00, 0x00, 0x00, 0x00, 0x00, 0x00, 
    0x00, 0x00, 0x00, 0x00, 0x00, 0x00, 0x00, 0x00, 0xB7, 0xB7, 0xBB, 0x17, 
    0xAF, 0xB2, 0xB4, 0xE0, 0xB0, 0xB3, 0xB5, 0xF8, 0xB4, 0xB7, 0xB9, 0xF5, 
    0xB7, 0xBA, 0xBC, 0xF9, 0xB8, 0xBB, 0xBD, 0xFF, 0x98, 0x9B, 0x9D, 0xFF, 
    0x77, 0x7A, 0x7B, 0xFF, 0xBA, 0xBD, 0xBF, 0xFF, 0xBA, 0xBE, 0xBF, 0xFF, 
    0xBB, 0xBE, 0xC0, 0xFF, 0xBB, 0xBF, 0xC1, 0xFF, 0xBC, 0xC0, 0xC1, 0xFF, 
    0xBC, 0xC0, 0xC2, 0xFF, 0xBD, 0xC1, 0xC3, 0xFF, 0xBE, 0xC2, 0xC4, 0xFF, 
    0xBE, 0xC2, 0xC4, 0xFF, 0xBF, 0xC3, 0xC5, 0xFF, 0x7F, 0x82, 0x83, 0xFF, 
    0xA1, 0xA5, 0xA7, 0xFF, 0xC1, 0xC5, 0xC7, 0xFF, 0xBF, 0xC3, 0xC5, 0xFE, 
    0xBB, 0xBF, 0xC1, 0xFF, 0xB8, 0xBC, 0xBE, 0xFF, 0xBF, 0xC3, 0xC5, 0xD4, 
    0xBF, 0xC3, 0xC8, 0x17, 0x00, 0x00, 0x00, 0x00, 0x00, 0x00, 0x00, 0x00, 
    0x00, 0x00, 0x00, 0x00, 0xAF, 0xB3, 0xB3, 0x01, 0xB1, 0xB4, 0xB6, 0x81, 
    0xB3, 0xB6, 0xB7, 0xFE, 0xB3, 0xB6, 0xB8, 0xFF, 0xB4, 0xB7, 0xB8, 0xFF, 
    0xB4, 0xB7, 0xB9, 0xFF, 0xB5, 0xB8, 0xBA, 0xFF, 0xAA, 0xAD, 0xAF, 0xFF, 
    0x49, 0x4A, 0x4B, 0xFF, 0xB8, 0xBB, 0xBD, 0xFF, 0xB8, 0xBB, 0xBD, 0xFF, 
    0xB9, 0xBC, 0xBE, 0xFF, 0xB9, 0xBD, 0xBE, 0xFF, 0xBA, 0xBD, 0xBF, 0xFF, 
    0xBB, 0xBE, 0xC0, 0xFF, 0xBB, 0xBE, 0xC0, 0xFF, 0xBC, 0xBF, 0xC1, 0xFF, 
    0xBC, 0xC0, 0xC2, 0xFF, 0xBD, 0xC1, 0xC3, 0xFF, 0x53, 0x56, 0x57, 0xFF, 
    0xB2, 0xB6, 0xB7, 0xFF, 0xBF, 0xC3, 0xC5, 0xFF, 0xC0, 0xC4, 0xC6, 0xFF, 
    0xC0, 0xC4, 0xC6, 0xFF, 0xC0, 0xC5, 0xC7, 0xFF, 0xC1, 0xC5, 0xC7, 0xFE, 
    0xC1, 0xC5, 0xC6, 0x80, 0xC2, 0xC6, 0xC6, 0x01, 0x00, 0x00, 0x00, 0x00, 
    0x00, 0x00, 0x00, 0x00, 0xB0, 0xB1, 0xB2, 0x0B, 0xB0, 0xB2, 0xB3, 0xE0, 
    0xB0, 0xB3, 0xB4, 0xFF, 0xAE, 0xB1, 0xB2, 0xFF, 0xAD, 0xAF, 0xB0, 0xFF, 
    0xB2, 0xB5, 0xB7, 0xFF, 0xB3, 0xB6, 0xB7, 0xFF, 0xAA, 0xAC, 0xAD, 0xFF, 
    0x2E, 0x2F, 0x31, 0xFF, 0xB5, 0xB8, 0xB9, 0xFF, 0xB6, 0xB9, 0xBA, 0xFF, 
    0xB6, 0xB9, 0xBB, 0xFF, 0xB7, 0xBA, 0xBC, 0xFF, 0xB8, 0xBB, 0xBC, 0xFF, 
    0xB8, 0xBB, 0xBD, 0xFF, 0xB9, 0xBC, 0xBE, 0xFF, 0xB9, 0xBD, 0xBE, 0xFF, 
    0xBA, 0xBE, 0xBF, 0xFF, 0xBB, 0xBE, 0xC0, 0xFF, 0x3C, 0x3E, 0x40, 0xFF, 
    0xB2, 0xB6, 0xB7, 0xFF, 0xBC, 0xC0, 0xC2, 0xFF, 0xBD, 0xC1, 0xC2, 0xFF, 
    0xB8, 0xBB, 0xBC, 0xFF, 0xBB, 0xBF, 0xC1, 0xFF, 0xBF, 0xC3, 0xC5, 0xFF, 
    0xC0, 0xC4, 0xC6, 0xE0, 0xBF, 0xC4, 0xC5, 0x0B, 0x00, 0x00, 0x00, 0x00, 
    0x00, 0x00, 0x00, 0x00, 0xAC, 0xAF, 0xAF, 0x5A, 0xAD, 0xB0, 0xB1, 0xFF, 
    0xAF, 0xB2, 0xB3, 0xFF, 0x79, 0x7A, 0x7B, 0xFF, 0x3C, 0x3C, 0x3C, 0xFF, 
    0xAB, 0xAE, 0xAF, 0xFF, 0xB1, 0xB4, 0xB5, 0xFF, 0xAA, 0xAC, 0xAE, 0xFF, 
    0x3C, 0x3E, 0x3E, 0xFF, 0xA3, 0xA5, 0xA7, 0xFF, 0xB3, 0xB6, 0xB8, 0xFF, 
    0xB4, 0xB7, 0xB8, 0xFF, 0xB4, 0xB7, 0xB9, 0xFF, 0xB5, 0xB8, 0xBA, 0xFF, 
    0xB6, 0xB9, 0xBA, 0xFF, 0xB6, 0xBA, 0xBB, 0xFF, 0xB7, 0xBA, 0xBC, 0xFF, 
    0xB8, 0xBB, 0xBD, 0xFF, 0xA9, 0xAC, 0xAE, 0xFF, 0x47, 0x48, 0x4A, 0xFF, 
    0xB3, 0xB6, 0xB7, 0xFF, 0xBA, 0xBD, 0xBF, 0xFF, 0xB5, 0xB8, 0xBA, 0xFF, 
    0x43, 0x44, 0x44, 0xFF, 0x86, 0x88, 0x89, 0xFF, 0xBD, 0xC1, 0xC3, 0xFF, 
    0xBD, 0xC1, 0xC3, 0xFF, 0xBD, 0xC1, 0xC3, 0x5A, 0x00, 0x00, 0x00, 0x00, 
    0xAB, 0xA5, 0xA0, 0x01, 0xAA, 0xAC, 0xAD, 0xC6, 0xA8, 0xAA, 0xAB, 0xFF, 
    0x7F, 0x80, 0x81, 0xFF, 0x7E, 0x7F, 0x80, 0xFF, 0x66, 0x67, 0x68, 0xFF, 
    0x89, 0x8A, 0x8B, 0xFF, 0x92, 0x94, 0x94, 0xFF, 0xAB, 0xAE, 0xAF, 0xFF, 
    0x50, 0x51, 0x52, 0xFF, 0x82, 0x84, 0x86, 0xFF, 0xB1, 0xB4, 0xB5, 0xFF, 
    0xB2, 0xB4, 0xB6, 0xFF, 0xB2, 0xB5, 0xB6, 0xFF, 0xB3, 0xB6, 0xB7, 0xFF, 
    0xB3, 0xB6, 0xB8, 0xFF, 0xB4, 0xB7, 0xB8, 0xFF, 0xB5, 0xB8, 0xB9, 0xFF, 
    0xB6, 0xB9, 0xBA, 0xFF, 0x88, 0x8B, 0x8D, 0xFF, 0x59, 0x5B, 0x5C, 0xFF, 
    0xB4, 0xB7, 0xB8, 0xFF, 0xA9, 0xAC, 0xAD, 0xFF, 0xAB, 0xAE, 0xAF, 0xFF, 
    0x7A, 0x7C, 0x7D, 0xFF, 0x9A, 0x9C, 0x9D, 0xFF, 0xAA, 0xAB, 0xAC, 0xFF, 
    0xB7, 0xBA, 0xBB, 0xFF, 0xBB, 0xBF, 0xC1, 0xC7, 0xB1, 0xC0, 0xB9, 0x01, 
    0xA7, 0xAA, 0xAA, 0x21, 0xA8, 0xAA, 0xAB, 0xEB, 0x96, 0x98, 0x99, 0xFF, 
    0x3E, 0x3E, 0x3E, 0xFF, 0x67, 0x68, 0x69, 0xFF, 0x98, 0x99, 0x9A, 0xFF, 
    0x47, 0x47, 0x47, 0xFF, 0x62, 0x63, 0x63, 0xFF, 0xAA, 0xAD, 0xAE, 0xFF, 
    0x5B, 0x5C, 0x5D, 0xFF, 0x66, 0x68, 0x69, 0xFF, 0xAD, 0xB0, 0xB1, 0xFF, 
    0xAF, 0xB2, 0xB3, 0xFF, 0xAF, 0xB2, 0xB3, 0xFF, 0xB0, 0xB3, 0xB4, 0xFF, 
    0xB1, 0xB3, 0xB5, 0xFF, 0xB1, 0xB4, 0xB6, 0xFF, 0xB2, 0xB5, 0xB7, 0xFF, 
    0xB2, 0xB5, 0xB6, 0xFF, 0x6C, 0x6E, 0x70, 0xFF, 0x60, 0x62, 0x63, 0xFF, 
    0xB3, 0xB6, 0xB8, 0xFF, 0x40, 0x40, 0x40, 0xFF, 0x68, 0x6A, 0x6A, 0xFF, 
    0xB9, 0xBD, 0xBE, 0xFF, 0xA5, 0xA8, 0xA9, 0xFF, 0x3E, 0x3E, 0x3E, 0xFF, 
    0x95, 0x97, 0x98, 0xFF, 0xB9, 0xBD, 0xBE, 0xEB, 0xBA, 0xBC, 0xBE, 0x21, 
    0xA5, 0xA6, 0xA8, 0x43, 0xA5, 0xA7, 0xA8, 0xFA, 0xA6, 0xA8, 0xA9, 0xFF, 
    0x92, 0x94, 0x95, 0xFF, 0x7C, 0x7D, 0x7E, 0xFF, 0x46, 0x47, 0x47, 0xFF, 
    0x96, 0x97, 0x98, 0xFF, 0x9D, 0x9F, 0xA0, 0xFF, 0xA4, 0xA6, 0xA8, 0xFF, 
    0x40, 0x42, 0x44, 0xFF, 0x30, 0x32, 0x33, 0xFF, 0x7B, 0x7C, 0x7D, 0xFF, 
    0x81, 0x83, 0x84, 0xFF, 0x81, 0x83, 0x84, 0xFF, 0x82, 0x84, 0x85, 0xFF, 
    0x82, 0x85, 0x86, 0xFF, 0x83, 0x85, 0x87, 0xFF, 0x84, 0x86, 0x88, 0xFF, 
    0x7F, 0x81, 0x82, 0xFF, 0x39, 0x3B, 0x3E, 0xFF, 0x4A, 0x4C, 0x4E, 0xFF, 
    0xAD, 0xB0, 0xB2, 0xFF, 0x8E, 0x90, 0x91, 0xFF, 0x9A, 0x9C, 0x9D, 0xFF, 
    0x97, 0x99, 0x9A, 0xFF, 0xA2, 0xA4, 0xA5, 0xFF, 0x8C, 0x8D, 0x8F, 0xFF, 
    0xAB, 0xAE, 0xAF, 0xFF, 0xB7, 0xBA, 0xBC, 0xFA, 0xB7, 0xBA, 0xBB, 0x43, 
    0xA3, 0xA5, 0xA5, 0x76, 0xA3, 0xA5, 0xA6, 0xFF, 0xA4, 0xA6, 0xA6, 0xFF, 
    0xA6, 0xA7, 0xA8, 0xFF, 0x7D, 0x7E, 0x7F, 0xFF, 0x53, 0x54, 0x54, 0xFF, 
    0xA4, 0xA6, 0xA7, 0xFF, 0xA6, 0xA8, 0xA9, 0xFF, 0x68, 0x6A, 0x6B, 0xFF, 
    0x2F, 0x30, 0x33, 0xFF, 0x43, 0x44, 0x48, 0xFF, 0x37, 0x38, 0x3B, 0xFF, 
    0x26, 0x28, 0x2B, 0xFF, 0x26, 0x28, 0x2B, 0xFF, 0x28, 0x29, 0x2C, 0xFF, 
    0x29, 0x2B, 0x2E, 0xFF, 0x2A, 0x2C, 0x2F, 0xFF, 0x2D, 0x2F, 0x32, 0xFF, 
    0x3F, 0x41, 0x45, 0xFF, 0x4A, 0x4C, 0x50, 0xFF, 0x3A, 0x3C, 0x40, 0xFF, 
    0x74, 0x77, 0x79, 0xFF, 0xB0, 0xB3, 0xB4, 0xFF, 0xAD, 0xAF, 0xB0, 0xFF, 
    0x39, 0x39, 0x39, 0xFF, 0x7B, 0x7C, 0x7D, 0xFF, 0xB5, 0xB7, 0xB9, 0xFF, 
    0xB4, 0xB7, 0xB8, 0xFF, 0xB5, 0xB8, 0xB9, 0xFF, 0xB6, 0xB8, 0xB9, 0x76, 
    0xA0, 0xA2, 0xA2, 0xA4, 0xA1, 0xA3, 0xA3, 0xFF, 0xA1, 0xA3, 0xA4, 0xFF, 
    0xA2, 0xA4, 0xA5, 0xFF, 0xA4, 0xA6, 0xA7, 0xFF, 0xA3, 0xA5, 0xA6, 0xFF, 
    0xA5, 0xA6, 0xA7, 0xFF, 0x87, 0x89, 0x8A, 0xFF, 0x35, 0x37, 0x3A, 0xFF, 
    0x6F, 0x72, 0x77, 0xFF, 0x64, 0x67, 0x6A, 0xFF, 0x6D, 0x6F, 0x74, 0xFF, 
    0x40, 0x42, 0x45, 0xFF, 0x2B, 0x2D, 0x30, 0xFF, 0x2D, 0x2F, 0x32, 0xFF, 
    0x2E, 0x2F, 0x33, 0xFF, 0x2F, 0x31, 0x35, 0xFF, 0x4C, 0x4E, 0x51, 0xFF, 
    0x75, 0x79, 0x7E, 0xFF, 0x65, 0x68, 0x6C, 0xFF, 0x6A, 0x6C, 0x70, 0xFF, 
    0x42, 0x44, 0x47, 0xFF, 0x92, 0x94, 0x96, 0xFF, 0xAF, 0xB1, 0xB2, 0xFF, 
    0x9A, 0x9C, 0x9D, 0xFF, 0xA8, 0xAA, 0xAB, 0xFF, 0xB2, 0xB4, 0xB6, 0xFF, 
    0xB1, 0xB4, 0xB6, 0xFF, 0xB2, 0xB5, 0xB7, 0xFF, 0xB3, 0xB6, 0xB7, 0xA4, 
    0x9D, 0x9F, 0xA0, 0xCE, 0x9F, 0xA0, 0xA0, 0xFF, 0x9F, 0xA1, 0xA1, 0xFF, 
    0xA0, 0xA1, 0xA2, 0xFF, 0xA1, 0xA2, 0xA3, 0xFF, 0xA1, 0xA3, 0xA4, 0xFF, 
    0x9C, 0x9E, 0x9F, 0xFF, 0x43, 0x44, 0x46, 0xFF, 0x46, 0x47, 0x4A, 0xFF, 
    0x66, 0x69, 0x6D, 0xFF, 0x62, 0x64, 0x68, 0xFF, 0x6E, 0x71, 0x75, 0xFF, 
    0x50, 0x52, 0x55, 0xFF, 0x31, 0x33, 0x37, 0xFF, 0x32, 0x34, 0x37, 0xFF, 
    0x33, 0x35, 0x39, 0xFF, 0x34, 0x36, 0x3B, 0xFF, 0x63, 0x65, 0x6A, 0xFF, 
    0x5E, 0x61, 0x64, 0xFF, 0x65, 0x68, 0x6C, 0xFF, 0x6B, 0x6E, 0x73, 0xFF, 
    0x4B, 0x4D, 0x52, 0xFF, 0x54, 0x56, 0x59, 0xFF, 0xA8, 0xAB, 0xAC, 0xFF, 
    0xAD, 0xB0, 0xB1, 0xFF, 0xAE, 0xB0, 0xB2, 0xFF, 0xAF, 0xB1, 0xB2, 0xFF, 
    0xAF, 0xB2, 0xB3, 0xFF, 0xB0, 0xB2, 0xB4, 0xFF, 0xB0, 0xB3, 0xB4, 0xCE, 
    0x9B, 0x9C, 0x9D, 0xE6, 0x9C, 0x9D, 0x9E, 0xFF, 0x9D, 0x9E, 0x9F, 0xFF, 
    0x9D, 0x9E, 0x9F, 0xFF, 0x9E, 0x9F, 0xA0, 0xFF, 0x9F, 0xA1, 0xA1, 0xFF, 
    0x6A, 0x6C, 0x6E, 0xFF, 0x2B, 0x2D, 0x30, 0xFF, 0x3E, 0x3F, 0x43, 0xFF, 
    0x63, 0x66, 0x69, 0xFF, 0x81, 0x85, 0x8A, 0xFF, 0x66, 0x69, 0x6D, 0xFF, 
    0x42, 0x43, 0x47, 0xFF, 0x35, 0x37, 0x3B, 0xFF, 0x36, 0x38, 0x3C, 0xFF, 
    0x38, 0x3A, 0x3E, 0xFF, 0x39, 0x3B, 0x40, 0xFF, 0x52, 0x54, 0x58, 0xFF, 
    0x6A, 0x6D, 0x71, 0xFF, 0x84, 0x88, 0x8D, 0xFF, 0x5B, 0x5D, 0x61, 0xFF, 
    0x49, 0x4B, 0x4F, 0xFF, 0x40, 0x42, 0x47, 0xFF, 0x7A, 0x7C, 0x7F, 0xFF, 
    0xAB, 0xAE, 0xAF, 0xFF, 0xAB, 0xAE, 0xAF, 0xFF, 0xAC, 0xAF, 0xB0, 0xFF, 
    0xAD, 0xAF, 0xB1, 0xFF, 0xAD, 0xB0, 0xB1, 0xFF, 0xAE, 0xB0, 0xB2, 0xE5, 
    0x99, 0x9A, 0x9A, 0xF5, 0x9A, 0x9B, 0x9B, 0xFF, 0x9A, 0x9B, 0x9C, 0xFF, 
    0x9B, 0x9C, 0x9D, 0xFF, 0x9C, 0x9D, 0x9D, 0xFF, 0x91, 0x93, 0x93, 0xFF, 
    0x3E, 0x40, 0x43, 0xFF, 0x32, 0x34, 0x38, 0xFF, 0x35, 0x37, 0x3B, 0xFF, 
    0x42, 0x43, 0x47, 0xFF, 0x40, 0x42, 0x46, 0xFF, 0x3F, 0x40, 0x44, 0xFF, 
    0x3D, 0x3F, 0x43, 0xFF, 0x3A, 0x3C, 0x41, 0xFF, 0x3B, 0x3D, 0x42, 0xFF, 
    0x3D, 0x3F, 0x43, 0xFF, 0x3E, 0x40, 0x45, 0xFF, 0x43, 0x45, 0x4A, 0xFF, 
    0x4B, 0x4D, 0x51, 0xFF, 0x45, 0x48, 0x4B, 0xFF, 0x48, 0x4A, 0x4E, 0xFF, 
    0x46, 0x48, 0x4E, 0xFF, 0x46, 0x48, 0x4E, 0xFF, 0x51, 0x53, 0x58, 0xFF, 
    0x9E, 0xA0, 0xA2, 0xFF, 0xA9, 0xAC, 0xAD, 0xFF, 0xAA, 0xAC, 0xAD, 0xFF, 
    0xAA, 0xAD, 0xAE, 0xFF, 0xAB, 0xAE, 0xAF, 0xFF, 0xAC, 0xAE, 0xAF, 0xF4, 
    0x96, 0x97, 0x97, 0xFC, 0x98, 0x98, 0x99, 0xFF, 0x98, 0x99, 0x99, 0xFF, 
    0x99, 0x9A, 0x9A, 0xFF, 0x9A, 0x9B, 0x9B, 0xFF, 0x69, 0x6B, 0x6D, 0xFF, 
    0x35, 0x37, 0x3B, 0xFF, 0x37, 0x39, 0x3D, 0xFF, 0x38, 0x3A, 0x3E, 0xFF, 
    0x39, 0x3C, 0x40, 0xFF, 0x3C, 0x3E, 0x43, 0xFF, 0x3D, 0x3F, 0x44, 0xFF, 
    0x3D, 0x40, 0x44, 0xFF, 0x3E, 0x41, 0x46, 0xFF, 0x40, 0x42, 0x47, 0xFF, 
    0x42, 0x44, 0x49, 0xFF, 0x42, 0x45, 0x4A, 0xFF, 0x44, 0x47, 0x4C, 0xFF, 
    0x46, 0x48, 0x4E, 0xFF, 0x48, 0x4A, 0x50, 0xFF, 0x48, 0x4B, 0x51, 0xFF, 
    0x49, 0x4C, 0x51, 0xFF, 0x4B, 0x4D, 0x53, 0xFF, 0x4B, 0x4E, 0x55, 0xFF, 
    0x7C, 0x7E, 0x80, 0xFF, 0xA7, 0xA9, 0xAA, 0xFF, 0xA8, 0xAA, 0xAB, 0xFF, 
    0xA8, 0xAA, 0xAB, 0xFF, 0xA9, 0xAB, 0xAC, 0xFF, 0xAA, 0xAC, 0xAD, 0xFC, 
    0x94, 0x95, 0x95, 0xF4, 0x95, 0x96, 0x96, 0xFF, 0x96, 0x96, 0x97, 0xFF, 
    0x96, 0x97, 0x98, 0xFF, 0x8C, 0x8D, 0x8E, 0xFF, 0x3C, 0x3E, 0x42, 0xFF, 
    0x3A, 0x3C, 0x41, 0xFF, 0x47, 0x49, 0x4D, 0xE8, 0x50, 0x53, 0x55, 0x86, 
    0x50, 0x53, 0x55, 0x7A, 0x53, 0x53, 0x58, 0x7A, 0x53, 0x54, 0x59, 0x7A, 
    0x54, 0x55, 0x59, 0x7A, 0x54, 0x56, 0x5A, 0x7A, 0x55, 0x58, 0x5B, 0x7A, 
    0x56, 0x59, 0x5E, 0x7A, 0x58, 0x5A, 0x5E, 0x7A, 0x59, 0x5A, 0x5F, 0x7A, 
    0x5A, 0x5B, 0x61, 0x7A, 0x5A, 0x5F, 0x62, 0x7A, 0x5B, 0x60, 0x64, 0x7A, 
    0x60, 0x63, 0x66, 0x86, 0x59, 0x5C, 0x62, 0xE9, 0x50, 0x54, 0x5A, 0xFF, 
    0x54, 0x57, 0x5E, 0xFF, 0x9B, 0x9E, 0x9F, 0xFF, 0xA5, 0xA7, 0xA8, 0xFF, 
    0xA6, 0xA8, 0xA9, 0xFF, 0xA6, 0xA9, 0xAA, 0xFF, 0xA7, 0xA9, 0xAA, 0xF4, 
    0x92, 0x93, 0x93, 0xEB, 0x93, 0x93, 0x93, 0xFF, 0x94, 0x94, 0x94, 0xFF, 
    0x93, 0x94, 0x94, 0xFF, 0x6A, 0x6A, 0x6D, 0xFF, 0x3E, 0x40, 0x45, 0xFF, 
    0x43, 0x46, 0x4A, 0xF7, 0x65, 0x67, 0x69, 0x2F, 0x00, 0x00, 0x00, 0x00, 
    0x00, 0x00, 0x00, 0x00, 0x00, 0x00, 0x00, 0x00, 0x00, 0x00, 0x00, 0x00, 
    0x00, 0x00, 0x00, 0x00, 0x00, 0x00, 0x00, 0x00, 0x00, 0x00, 0x00, 0x00, 
    0x00, 0x00, 0x00, 0x00, 0x00, 0x00, 0x00, 0x00, 0x00, 0x00, 0x00, 0x00, 
    0x00, 0x00, 0x00, 0x00, 0x00, 0x00, 0x00, 0x00, 0x00, 0x00, 0x00, 0x00, 
    0x00, 0x00, 0x00, 0x00, 0x75, 0x79, 0x7C, 0x2F, 0x5A, 0x5C, 0x63, 0xF7, 
    0x56, 0x5A, 0x61, 0xFF, 0x7D, 0x7F, 0x82, 0xFF, 0xA2, 0xA4, 0xA5, 0xFF, 
    0xA4, 0xA5, 0xA6, 0xFF, 0xA4, 0xA6, 0xA7, 0xFF, 0xA4, 0xA6, 0xA7, 0xEB, 
    0x90, 0x90, 0x90, 0xD8, 0x90, 0x91, 0x91, 0xFF, 0x91, 0x91, 0x92, 0xFF, 
    0x8C, 0x8D, 0x8D, 0xFF, 0x4F, 0x50, 0x54, 0xFF, 0x43, 0x45, 0x4A, 0xFF, 
    0x59, 0x5B, 0x60, 0x93, 0x00, 0x00, 0x00, 0x00, 0x00, 0x00, 0x00, 0x00, 
    0x00, 0x00, 0x00, 0x00, 0x00, 0x00, 0x00, 0x00, 0x00, 0x00, 0x00, 0x00, 
    0x00, 0x00, 0x00, 0x00, 0x00, 0x00, 0x00, 0x00, 0x00, 0x00, 0x00, 0x00, 
    0x00, 0x00, 0x00, 0x00, 0x00, 0x00, 0x00, 0x00, 0x00, 0x00, 0x00, 0x00, 
    0x00, 0x00, 0x00, 0x00, 0x00, 0x00, 0x00, 0x00, 0x00, 0x00, 0x00, 0x00, 
    0x00, 0x00, 0x00, 0x00, 0x00, 0x00, 0x00, 0x00, 0x6D, 0x70, 0x76, 0x94, 
    0x5B, 0x5F, 0x66, 0xFF, 0x68, 0x6B, 0x71, 0xFF, 0x9C, 0x9E, 0x9F, 0xFF, 
    0xA1, 0xA3, 0xA4, 0xFF, 0xA2, 0xA3, 0xA4, 0xFF, 0xA2, 0xA4, 0xA5, 0xD6, 
    0x8D, 0x8D, 0x8D, 0xBD, 0x8E, 0x8E, 0x8E, 0xFF, 0x8F, 0x8F, 0x8F, 0xFF, 
    0x7B, 0x7B, 0x7C, 0xFF, 0x45, 0x48, 0x4D, 0xFF, 0x4D, 0x4F, 0x54, 0xEC, 
    0x5B, 0x5D, 0x61, 0x18, 0x00, 0x00, 0x00, 0x00, 0x00, 0x00, 0x00, 0x00, 
    0x00, 0x00, 0x00, 0x00, 0x00, 0x00, 0x00, 0x00, 0x00, 0x00, 0x00, 0x00, 
    0x00, 0x00, 0x00, 0x00, 0x00, 0x00, 0x00, 0x00, 0x00, 0x00, 0x00, 0x00, 
    0x00, 0x00, 0x00, 0x00, 0x00, 0x00, 0x00, 0x00, 0x00, 0x00, 0x00, 0x00, 
    0x00, 0x00, 0x00, 0x00, 0x00, 0x00, 0x00, 0x00, 0x00, 0x00, 0x00, 0x00, 
    0x00, 0x00, 0x00, 0x00, 0x00, 0x00, 0x00, 0x00, 0x6F, 0x71, 0x77, 0x18, 
    0x64, 0x68, 0x6F, 0xEC, 0x61, 0x65, 0x6C, 0xFF, 0x8E, 0x90, 0x92, 0xFF, 
    0x9F, 0xA0, 0xA1, 0xFF, 0xA0, 0xA1, 0xA2, 0xFF, 0xA0, 0xA1, 0xA2, 0xBC, 
    0x8D, 0x8D, 0x8D, 0x7C, 0x8D, 0x8D, 0x8D, 0xFE, 0x8E, 0x8E, 0x8D, 0xFF, 
    0x5B, 0x5D, 0x62, 0xFF, 0x4B, 0x4E, 0x53, 0xFF, 0x59, 0x5B, 0x5F, 0x9D, 
    0x00, 0x00, 0x00, 0x00, 0x00, 0x00, 0x00, 0x00, 0x00, 0x00, 0x00, 0x00, 
    0x00, 0x00, 0x00, 0x00, 0x00, 0x00, 0x00, 0x00, 0x00, 0x00, 0x00, 0x00, 
    0x00, 0x00, 0x00, 0x00, 0x00, 0x00, 0x00, 0x00, 0x00, 0x00, 0x00, 0x00, 
    0x00, 0x00, 0x00, 0x00, 0x00, 0x00, 0x00, 0x00, 0x00, 0x00, 0x00, 0x00, 
    0x00, 0x00, 0x00, 0x00, 0x00, 0x00, 0x00, 0x00, 0x00, 0x00, 0x00, 0x00, 
    0x00, 0x00, 0x00, 0x00, 0x00, 0x00, 0x00, 0x00, 0x00, 0x00, 0x00, 0x00, 
    0x6F, 0x73, 0x7A, 0x9C, 0x66, 0x6A, 0x72, 0xFF, 0x76, 0x79, 0x7F, 0xFF, 
    0x9D, 0x9E, 0x9F, 0xFF, 0x9D, 0x9E, 0x9F, 0xFF, 0x9D, 0x9E, 0xA0, 0x7B, 
    0x8D, 0x8D, 0x8D, 0x18, 0x8C, 0x8C, 0x8C, 0xCF, 0x86, 0x87, 0x87, 0xFF, 
    0x51, 0x54, 0x59, 0xFF, 0x55, 0x58, 0x5D, 0xFA, 0x6C, 0x6E, 0x70, 0x16, 
    0x00, 0x00, 0x00, 0x00, 0x00, 0x00, 0x00, 0x00, 0x00, 0x00, 0x00, 0x00, 
    0x00, 0x00, 0x00, 0x00, 0x00, 0x00, 0x00, 0x00, 0x00, 0x00, 0x00, 0x00, 
    0x00, 0x00, 0x00, 0x00, 0x00, 0x00, 0x00, 0x00, 0x00, 0x00, 0x00, 0x00, 
    0x00, 0x00, 0x00, 0x00, 0x00, 0x00, 0x00, 0x00, 0x00, 0x00, 0x00, 0x00, 
    0x00, 0x00, 0x00, 0x00, 0x00, 0x00, 0x00, 0x00, 0x00, 0x00, 0x00, 0x00, 
    0x00, 0x00, 0x00, 0x00, 0x00, 0x00, 0x00, 0x00, 0x00, 0x00, 0x00, 0x00, 
    0x80, 0x81, 0x85, 0x16, 0x6D, 0x70, 0x77, 0xFA, 0x6A, 0x6E, 0x75, 0xFF, 
    0x95, 0x96, 0x97, 0xFF, 0x9A, 0x9B, 0x9C, 0xCE, 0x9B, 0x9B, 0x9C, 0x18, 
    0x00, 0x00, 0x00, 0x00, 0x98, 0x98, 0x98, 0x07, 0x7B, 0x7B, 0x7E, 0x68, 
    0x59, 0x5C, 0x62, 0xAD, 0x61, 0x64, 0x69, 0x63, 0x00, 0x00, 0x00, 0x00, 
    0x00, 0x00, 0x00, 0x00, 0x00, 0x00, 0x00, 0x00, 0x00, 0x00, 0x00, 0x00, 
    0x00, 0x00, 0x00, 0x00, 0x00, 0x00, 0x00, 0x00, 0x00, 0x00, 0x00, 0x00, 
    0x00, 0x00, 0x00, 0x00, 0x00, 0x00, 0x00, 0x00, 0x00, 0x00, 0x00, 0x00, 
    0x00, 0x00, 0x00, 0x00, 0x00, 0x00, 0x00, 0x00, 0x00, 0x00, 0x00, 0x00, 
    0x00, 0x00, 0x00, 0x00, 0x00, 0x00, 0x00, 0x00, 0x00, 0x00, 0x00, 0x00, 
    0x00, 0x00, 0x00, 0x00, 0x00, 0x00, 0x00, 0x00, 0x00, 0x00, 0x00, 0x00, 
    0x00, 0x00, 0x00, 0x00, 0x74, 0x76, 0x7C, 0x63, 0x6D, 0x71, 0x79, 0xAD, 
    0x89, 0x8B, 0x8D, 0x68, 0x8F, 0x8F, 0x8F, 0x06, 0x00, 0x00, 0x00, 0x00, 
    0x00, 0x00, 0x00, 0x00, 0x00, 0x00, 0x00, 0x00, 0x00, 0x00, 0x00, 0x00, 
    0x00, 0x00, 0x00, 0x00, 0x00, 0x00, 0x00, 0x00, 0x00, 0x00, 0x00, 0x00, 
    0x00, 0x00, 0x00, 0x00, 0x00, 0x00, 0x00, 0x00, 0x00, 0x00, 0x00, 0x00, 
    0x00, 0x00, 0x00, 0x00, 0x00, 0x00, 0x00, 0x00, 0x00, 0x00, 0x00, 0x00, 
    0x00, 0x00, 0x00, 0x00, 0x00, 0x00, 0x00, 0x00, 0x00, 0x00, 0x00, 0x00, 
    0x00, 0x00, 0x00, 0x00, 0x00, 0x00, 0x00, 0x00, 0x00, 0x00, 0x00, 0x00, 
    0x00, 0x00, 0x00, 0x00, 0x00, 0x00, 0x00, 0x00, 0x00, 0x00, 0x00, 0x00, 
    0x00, 0x00, 0x00, 0x00, 0x00, 0x00, 0x00, 0x00, 0x00, 0x00, 0x00, 0x00, 
    0x00, 0x00, 0x00, 0x00, 0x00, 0x00, 0x00, 0x00, 0x00, 0x00, 0x00, 0x00, 
    0x00, 0x00, 0x00, 0x00, 0x00, 0x00, 0x00, 0x00, 0x00, 0x00, 0x00, 0x00, 
    0x00, 0x00, 0x00, 0x00, 0x00, 0x00, 0x00, 0x00, 0x00, 0x00, 0x00, 0x00, 
    0x00, 0x00, 0x00, 0x00, 0x00, 0x00, 0x00, 0x00, 0x00, 0x00, 0x00, 0x00, 
    0x00, 0x00, 0x00, 0x00, 0x00, 0x00, 0x00, 0x00, 0x00, 0x00, 0x00, 0x00, 
    0x00, 0x00, 0x00, 0x00, 0x00, 0x00, 0x00, 0x00, 0x00, 0x00, 0x00, 0x00, 
    0x00, 0x00, 0x00, 0x00, 0x00, 0x00, 0x00, 0x00, 0x00, 0x00, 0x00, 0x00, 
    0x00, 0x00, 0x00, 0x00, 0x00, 0x00, 0x00, 0x00, 0x00, 0x00, 0x00, 0x00, 
    0x00, 0x00, 0x00, 0x00, 0x00, 0x00, 0x00, 0x00, 0x00, 0x00, 0x00, 0x00, 
    0x00, 0x00, 0x00, 0x00, 0x00, 0x00, 0x00, 0x00, 0x00, 0x00, 0x00, 0x00, 
    0x00, 0x00, 0x00, 0x00, 0x00, 0x00, 0x00, 0x00, 0x00, 0x00, 0x00, 0x00, 
    0x00, 0x00, 0x00, 0x00, 0x00, 0x00, 0x00, 0x00, 0x00, 0x00, 0x00, 0x00, 
    0x00, 0x00, 0x00, 0x00, 0x00, 0x00, 0x00, 0x00, 0x00, 0x00, 0x00, 0x00, 
    0x00, 0x00, 0x00, 0x00, 0x00, 0x00, 0x00, 0x00, 0x00, 0x00, 0x00, 0x00, 
    0x00, 0x00, 0x00, 0x00, 0x00, 0x00, 0x00, 0x00, 0x00, 0x00, 0x00, 0x00, 
    0x00, 0x00, 0x00, 0x00, 0x00, 0x00, 0x00, 0x00, 0x00, 0x00, 0x00, 0x00, 
    0x00, 0x00, 0x00, 0x00, 0x00, 0x00, 0x00, 0x00, 0x00, 0x00, 0x00, 0x00, 
    0x00, 0x00, 0x00, 0x00, 0x00, 0x00, 0x00, 0x00, 0x00, 0x00, 0x00, 0x00, 
    0x00, 0x00, 0x00, 0x00, 0x00, 0x00, 0x00, 0x00, 0x00, 0x00, 0x00, 0x00, 
    0x00, 0x00, 0x00, 0x00, 0x00, 0x00, 0x00, 0x00, 0x00, 0x00, 0x00, 0x00, 
    0x00, 0x00, 0x00, 0x00, 0x00, 0x00, 0x00, 0x00, 0x00, 0x00, 0x00, 0x00, 
    0x00, 0x00, 0x00, 0x00, 0x00, 0x00, 0x00, 0x00, 0x00, 0x00, 0x00, 0x00, 
    0x00, 0x00, 0x00, 0x00, 0x00, 0x00, 0x00, 0x00, 0x00, 0x00, 0x00, 0x00, 
    0x00, 0x00, 0x00, 0x00, 0x00, 0x00, 0x00, 0x00, 0x00, 0x00, 0x00, 0x00, 
    0x00, 0x00, 0x00, 0x00, 0x00, 0x00, 0x00, 0x00, 0x00, 0x00, 0x00, 0x00, 
    0x00, 0x00, 0x00, 0x00, 0x00, 0x00, 0x00, 0x00, 0x00, 0x00, 0x00, 0x00, 
    0x00, 0x00, 0x00, 0x00, 0x00, 0x00, 0x00, 0x00, 0x00, 0x00, 0x00, 0x00, 
    0x00, 0x00, 0x00, 0x00, 0x00, 0x00, 0x00, 0x00, 0x00, 0x00, 0x00, 0x00, 
    0x00, 0x00, 0x00, 0x00, 0x00, 0x00, 0x00, 0x00, 0x00, 0x00, 0x00, 0x00, 
    0x00, 0x00, 0x00, 0x00, 0x00, 0x00, 0x00, 0x00, 0x00, 0x00, 0x00, 0x00, 
    0x00, 0x00, 0x00, 0x00, 0x00, 0x00, 0x00, 0x00, 0x00, 0x00, 0x00, 0x00, 
    0x00, 0x00, 0x00, 0x00, 0x00, 0x00, 0x00, 0x00, 0x00, 0x00, 0x00, 0x00, 
};
static const unsigned int PSControllerImage_len = 3600;
//--------------------------------
// NintendoControllerImage --------------------------------
#define NintendoControllerImage_W 30
#define NintendoControllerImage_H 30

static const unsigned char NintendoControllerImage[] = {
    0x00, 0x00, 0x00, 0x00, 0x00, 0x00, 0x00, 0x00, 0x00, 0x00, 0x00, 0x00, 
    0x00, 0x00, 0x00, 0x00, 0x00, 0x00, 0x00, 0x00, 0x00, 0x00, 0x00, 0x00, 
    0x00, 0x00, 0x00, 0x00, 0x00, 0x00, 0x00, 0x00, 0x00, 0x00, 0x00, 0x00, 
    0x00, 0x00, 0x00, 0x00, 0x00, 0x00, 0x00, 0x00, 0x00, 0x00, 0x00, 0x00, 
    0x00, 0x00, 0x00, 0x00, 0x00, 0x00, 0x00, 0x00, 0x00, 0x00, 0x00, 0x00, 
    0x00, 0x00, 0x00, 0x00, 0x00, 0x00, 0x00, 0x00, 0x00, 0x00, 0x00, 0x00, 
    0x00, 0x00, 0x00, 0x00, 0x00, 0x00, 0x00, 0x00, 0x00, 0x00, 0x00, 0x00, 
    0x00, 0x00, 0x00, 0x00, 0x00, 0x00, 0x00, 0x00, 0x00, 0x00, 0x00, 0x00, 
    0x00, 0x00, 0x00, 0x00, 0x00, 0x00, 0x00, 0x00, 0x00, 0x00, 0x00, 0x00, 
    0x00, 0x00, 0x00, 0x00, 0x00, 0x00, 0x00, 0x00, 0x00, 0x00, 0x00, 0x00, 
    0x00, 0x00, 0x00, 0x00, 0x00, 0x00, 0x00, 0x00, 0x00, 0x00, 0x00, 0x00, 
    0x00, 0x00, 0x00, 0x00, 0x00, 0x00, 0x00, 0x00, 0x00, 0x00, 0x00, 0x00, 
    0x00, 0x00, 0x00, 0x00, 0x00, 0x00, 0x00, 0x00, 0x00, 0x00, 0x00, 0x00, 
    0x00, 0x00, 0x00, 0x00, 0x00, 0x00, 0x00, 0x00, 0x00, 0x00, 0x00, 0x00, 
    0x00, 0x00, 0x00, 0x00, 0x00, 0x00, 0x00, 0x00, 0x00, 0x00, 0x00, 0x00, 
    0x00, 0x00, 0x00, 0x00, 0x00, 0x00, 0x00, 0x00, 0x00, 0x00, 0x00, 0x00, 
    0x00, 0x00, 0x00, 0x00, 0x00, 0x00, 0x00, 0x00, 0x00, 0x00, 0x00, 0x00, 
    0x00, 0x00, 0x00, 0x00, 0x00, 0x00, 0x00, 0x00, 0x00, 0x00, 0x00, 0x00, 
    0x00, 0x00, 0x00, 0x00, 0x00, 0x00, 0x00, 0x00, 0x00, 0x00, 0x00, 0x00, 
    0x00, 0x00, 0x00, 0x00, 0x00, 0x00, 0x00, 0x00, 0x00, 0x00, 0x00, 0x00, 
    0x00, 0x00, 0x00, 0x00, 0x00, 0x00, 0x00, 0x00, 0x00, 0x00, 0x00, 0x00, 
    0x00, 0x00, 0x00, 0x00, 0x00, 0x00, 0x00, 0x00, 0x00, 0x00, 0x00, 0x00, 
    0x00, 0x00, 0x00, 0x00, 0x00, 0x00, 0x00, 0x00, 0x00, 0x00, 0x00, 0x00, 
    0x00, 0x00, 0x00, 0x00, 0x00, 0x00, 0x00, 0x00, 0x00, 0x00, 0x00, 0x00, 
    0x00, 0x00, 0x00, 0x00, 0x00, 0x00, 0x00, 0x00, 0x00, 0x00, 0x00, 0x00, 
    0x00, 0x00, 0x00, 0x00, 0x00, 0x00, 0x00, 0x00, 0x00, 0x00, 0x00, 0x00, 
    0x00, 0x00, 0x00, 0x00, 0x00, 0x00, 0x00, 0x00, 0x00, 0x00, 0x00, 0x00, 
    0x00, 0x00, 0x00, 0x00, 0x00, 0x00, 0x00, 0x00, 0x00, 0x00, 0x00, 0x00, 
    0x00, 0x00, 0x00, 0x00, 0x00, 0x00, 0x00, 0x00, 0x00, 0x00, 0x00, 0x00, 
    0x00, 0x00, 0x00, 0x00, 0x00, 0x00, 0x00, 0x00, 0x00, 0x00, 0x00, 0x00, 
    0x00, 0x00, 0x00, 0x00, 0x00, 0x00, 0x00, 0x00, 0x00, 0x00, 0x00, 0x00, 
    0x00, 0x00, 0x00, 0x00, 0x00, 0x00, 0x00, 0x00, 0x00, 0x00, 0x00, 0x00, 
    0x00, 0x00, 0x00, 0x00, 0x00, 0x00, 0x00, 0x00, 0x00, 0x00, 0x00, 0x00, 
    0x00, 0x00, 0x00, 0x00, 0x00, 0x00, 0x00, 0x00, 0x00, 0x00, 0x00, 0x00, 
    0x00, 0x00, 0x00, 0x00, 0x00, 0x00, 0x00, 0x00, 0x00, 0x00, 0x00, 0x00, 
    0x00, 0x00, 0x00, 0x00, 0x00, 0x00, 0x00, 0x00, 0x00, 0x00, 0x00, 0x00, 
    0x00, 0x00, 0x00, 0x00, 0x00, 0x00, 0x00, 0x00, 0x00, 0x00, 0x00, 0x00, 
    0x00, 0x00, 0x00, 0x00, 0x00, 0x00, 0x00, 0x00, 0x00, 0x00, 0x00, 0x00, 
    0x00, 0x00, 0x00, 0x00, 0x00, 0x00, 0x00, 0x00, 0x00, 0x00, 0x00, 0x00, 
    0x00, 0x00, 0x00, 0x00, 0x00, 0x00, 0x00, 0x00, 0x00, 0x00, 0x00, 0x00, 
    0x00, 0x00, 0x00, 0x00, 0x00, 0x00, 0x00, 0x00, 0x00, 0x00, 0x00, 0x00, 
    0x00, 0x00, 0x00, 0x00, 0x00, 0x00, 0x00, 0x00, 0x00, 0x00, 0x00, 0x00, 
    0x00, 0x00, 0x00, 0x00, 0x00, 0x00, 0x00, 0x00, 0x00, 0x00, 0x00, 0x00, 
    0x00, 0x00, 0x00, 0x00, 0x00, 0x00, 0x00, 0x00, 0x00, 0x00, 0x00, 0x00, 
    0x00, 0x00, 0x00, 0x00, 0x00, 0x00, 0x00, 0x00, 0x00, 0x00, 0x00, 0x00, 
    0x00, 0x00, 0x00, 0x00, 0x00, 0x00, 0x00, 0x00, 0x00, 0x00, 0x00, 0x00, 
    0x00, 0x00, 0x00, 0x00, 0x00, 0x00, 0x00, 0x00, 0x00, 0x00, 0x00, 0x00, 
    0x00, 0x00, 0x00, 0x00, 0x00, 0x00, 0x00, 0x00, 0x00, 0x00, 0x00, 0x00, 
    0x00, 0x00, 0x00, 0x00, 0x00, 0x00, 0x00, 0x00, 0x00, 0x00, 0x00, 0x00, 
    0x00, 0x00, 0x00, 0x00, 0x00, 0x00, 0x00, 0x00, 0x00, 0x00, 0x00, 0x00, 
    0x00, 0x00, 0x00, 0x00, 0x00, 0x00, 0x00, 0x00, 0x00, 0x00, 0x00, 0x00, 
    0x00, 0x00, 0x00, 0x00, 0x00, 0x00, 0x00, 0x00, 0x00, 0x00, 0x00, 0x00, 
    0x00, 0x00, 0x00, 0x00, 0x3A, 0x3A, 0x39, 0x66, 0x3B, 0x3B, 0x3A, 0xEA, 
    0x3B, 0x3B, 0x3A, 0xFF, 0x3B, 0x3B, 0x3A, 0xD5, 0x39, 0x39, 0x38, 0x37, 
    0x00, 0x00, 0x00, 0x00, 0x00, 0x00, 0x00, 0x00, 0x00, 0x00, 0x00, 0x00, 
    0x00, 0x00, 0x00, 0x00, 0x00, 0x00, 0x00, 0x00, 0x2E, 0x2E, 0x2E, 0x10, 
    0x3B, 0x3B, 0x39, 0xA9, 0x3B, 0x3B, 0x3A, 0xFB, 0x3B, 0x3B, 0x3A, 0xFB, 
    0x3B, 0x3B, 0x3A, 0xA8, 0x37, 0x37, 0x34, 0x10, 0x00, 0x00, 0x00, 0x00, 
    0x00, 0x00, 0x00, 0x00, 0x00, 0x00, 0x00, 0x00, 0x00, 0x00, 0x00, 0x00, 
    0x00, 0x00, 0x00, 0x00, 0x00, 0x00, 0x00, 0x00, 0x00, 0x00, 0x00, 0x00, 
    0x00, 0x00, 0x00, 0x00, 0x00, 0x00, 0x00, 0x00, 0x00, 0x00, 0x00, 0x00, 
    0x00, 0x00, 0x00, 0x00, 0x00, 0x00, 0x00, 0x00, 0x62, 0x62, 0x62, 0x0C, 
    0x60, 0x60, 0x60, 0x69, 0x59, 0x59, 0x59, 0xF6, 0x5D, 0x5D, 0x5D, 0xFF, 
    0x5E, 0x5E, 0x5E, 0xFF, 0x5E, 0x5E, 0x5D, 0xFF, 0x5F, 0x5F, 0x5F, 0xEF, 
    0x62, 0x62, 0x62, 0xDA, 0x62, 0x62, 0x62, 0xDB, 0x62, 0x62, 0x62, 0xDB, 
    0x62, 0x62, 0x62, 0xDB, 0x62, 0x62, 0x62, 0xDB, 0x61, 0x61, 0x61, 0xE4, 
    0x5E, 0x5E, 0x5E, 0xFF, 0x5E, 0x5E, 0x5E, 0xFF, 0x5D, 0x5D, 0x5D, 0xFF, 
    0x5B, 0x5B, 0x5B, 0xFE, 0x5C, 0x5C, 0x5B, 0xB8, 0x62, 0x62, 0x62, 0x42, 
    0x5D, 0x5D, 0x5D, 0x05, 0x00, 0x00, 0x00, 0x00, 0x00, 0x00, 0x00, 0x00, 
    0x00, 0x00, 0x00, 0x00, 0x00, 0x00, 0x00, 0x00, 0x00, 0x00, 0x00, 0x00, 
    0x00, 0x00, 0x00, 0x00, 0x00, 0x00, 0x00, 0x00, 0x00, 0x00, 0x00, 0x00, 
    0x00, 0x00, 0x00, 0x00, 0x5E, 0x5E, 0x5E, 0x31, 0x5F, 0x5F, 0x5F, 0xD4, 
    0x60, 0x60, 0x60, 0xFF, 0x60, 0x60, 0x60, 0xFF, 0x60, 0x60, 0x60, 0xFF, 
    0x5F, 0x5F, 0x5F, 0xFF, 0x5F, 0x5F, 0x5F, 0xFF, 0x5F, 0x5F, 0x5F, 0xFF, 
    0x5F, 0x5F, 0x5F, 0xFF, 0x5F, 0x5F, 0x5F, 0xFF, 0x5F, 0x5F, 0x5F, 0xFF, 
    0x5F, 0x5F, 0x5F, 0xFF, 0x5F, 0x5F, 0x5F, 0xFF, 0x5F, 0x5F, 0x5F, 0xFF, 
    0x5F, 0x5F, 0x5F, 0xFF, 0x60, 0x60, 0x60, 0xFF, 0x5F, 0x5F, 0x5F, 0xFF, 
    0x5F, 0x5F, 0x5F, 0xFF, 0x60, 0x60, 0x60, 0xFF, 0x5F, 0x5F, 0x5F, 0xFF, 
    0x5F, 0x5F, 0x5F, 0xBC, 0x5F, 0x5F, 0x5F, 0x23, 0x00, 0x00, 0x00, 0x00, 
    0x00, 0x00, 0x00, 0x00, 0x00, 0x00, 0x00, 0x00, 0x00, 0x00, 0x00, 0x00, 
    0x00, 0x00, 0x00, 0x00, 0x00, 0x00, 0x00, 0x00, 0x00, 0x00, 0x00, 0x00, 
    0x5C, 0x5C, 0x5C, 0x0D, 0x5D, 0x5D, 0x5D, 0xCB, 0x5D, 0x5D, 0x5D, 0xFF, 
    0x5D, 0x5D, 0x5E, 0xFF, 0x64, 0x65, 0x67, 0xFF, 0x60, 0x60, 0x61, 0xFF, 
    0x5D, 0x5D, 0x5D, 0xFF, 0x5D, 0x5D, 0x5D, 0xFF, 0x5D, 0x5D, 0x5D, 0xFF, 
    0x5D, 0x5D, 0x5D, 0xFF, 0x5D, 0x5D, 0x5D, 0xFF, 0x5D, 0x5D, 0x5D, 0xFF, 
    0x5D, 0x5D, 0x5D, 0xFF, 0x5D, 0x5D, 0x5D, 0xFF, 0x5D, 0x5D, 0x5D, 0xFF, 
    0x5D, 0x5D, 0x5D, 0xFF, 0x5C, 0x5C, 0x5C, 0xFF, 0x6A, 0x6D, 0x6F, 0xFF, 
    0x6F, 0x73, 0x76, 0xFF, 0x5B, 0x5B, 0x5B, 0xFF, 0x5D, 0x5D, 0x5D, 0xFF, 
    0x5D, 0x5D, 0x5D, 0xFF, 0x5C, 0x5C, 0x5C, 0xC6, 0x5B, 0x5B, 0x5B, 0x0B, 
    0x00, 0x00, 0x00, 0x00, 0x00, 0x00, 0x00, 0x00, 0x00, 0x00, 0x00, 0x00, 
    0x00, 0x00, 0x00, 0x00, 0x00, 0x00, 0x00, 0x00, 0x00, 0x00, 0x00, 0x00, 
    0x5A, 0x5A, 0x5A, 0x31, 0x5B, 0x5B, 0x5B, 0xFE, 0x59, 0x59, 0x59, 0xFF, 
    0x85, 0x8B, 0x90, 0xFF, 0x9B, 0xA4, 0xAB, 0xFF, 0x90, 0x97, 0x9D, 0xFF, 
    0x5E, 0x5E, 0x5F, 0xFF, 0x5B, 0x5B, 0x5B, 0xFF, 0x5B, 0x5B, 0x5B, 0xFF, 
    0x5B, 0x5B, 0x5B, 0xFF, 0x5B, 0x5B, 0x5B, 0xFF, 0x5B, 0x5B, 0x5B, 0xFF, 
    0x5B, 0x5B, 0x5B, 0xFF, 0x5B, 0x5B, 0x5B, 0xFF, 0x5B, 0x5B, 0x5B, 0xFF, 
    0x5B, 0x5B, 0x5A, 0xFF, 0x57, 0x57, 0x57, 0xFF, 0x8F, 0x97, 0x9D, 0xFF, 
    0x9D, 0xA5, 0xAD, 0xFF, 0x59, 0x59, 0x59, 0xFF, 0x5A, 0x5A, 0x5A, 0xFF, 
    0x5B, 0x5B, 0x5B, 0xFF, 0x5B, 0x5B, 0x5B, 0xFE, 0x5A, 0x5A, 0x5A, 0x30, 
    0x00, 0x00, 0x00, 0x00, 0x00, 0x00, 0x00, 0x00, 0x00, 0x00, 0x00, 0x00, 
    0x00, 0x00, 0x00, 0x00, 0x00, 0x00, 0x00, 0x00, 0x00, 0x00, 0x00, 0x00, 
    0x58, 0x58, 0x58, 0x70, 0x58, 0x58, 0x58, 0xFF, 0x58, 0x58, 0x58, 0xFF, 
    0x95, 0x9D, 0xA5, 0xFF, 0x9D, 0xA6, 0xAF, 0xFF, 0x99, 0xA1, 0xAA, 0xFF, 
    0x63, 0x65, 0x67, 0xFF, 0x58, 0x58, 0x58, 0xFF, 0x58, 0x58, 0x58, 0xFF, 
    0x58, 0x58, 0x58, 0xFF, 0x58, 0x58, 0x58, 0xFF, 0x58, 0x58, 0x58, 0xFF, 
    0x58, 0x58, 0x58, 0xFF, 0x58, 0x58, 0x58, 0xFF, 0x57, 0x57, 0x57, 0xFF, 
    0x69, 0x6D, 0x6F, 0xFF, 0x79, 0x7D, 0x82, 0xFF, 0x5F, 0x61, 0x63, 0xFF, 
    0x64, 0x66, 0x68, 0xFF, 0x73, 0x77, 0x7B, 0xFF, 0x72, 0x76, 0x7A, 0xFF, 
    0x58, 0x58, 0x57, 0xFF, 0x58, 0x58, 0x58, 0xFF, 0x59, 0x59, 0x59, 0x6F, 
    0x00, 0x00, 0x00, 0x00, 0x00, 0x00, 0x00, 0x00, 0x00, 0x00, 0x00, 0x00, 
    0x00, 0x00, 0x00, 0x00, 0x00, 0x00, 0x00, 0x00, 0x00, 0x00, 0x00, 0x00, 
    0x56, 0x56, 0x56, 0xB3, 0x56, 0x56, 0x56, 0xFF, 0x55, 0x55, 0x55, 0xFF, 
    0x6C, 0x6E, 0x72, 0xFF, 0x93, 0x9B, 0xA2, 0xFF, 0x7B, 0x80, 0x86, 0xFF, 
    0x56, 0x56, 0x56, 0xFF, 0x56, 0x56, 0x56, 0xFF, 0x56, 0x56, 0x56, 0xFF, 
    0x56, 0x56, 0x56, 0xFF, 0x56, 0x56, 0x56, 0xFF, 0x56, 0x56, 0x56, 0xFF, 
    0x56, 0x56, 0x56, 0xFF, 0x56, 0x56, 0x56, 0xFF, 0x53, 0x53, 0x53, 0xFF, 
    0x83, 0x89, 0x8F, 0xFF, 0x99, 0xA1, 0xA9, 0xFF, 0x56, 0x57, 0x57, 0xFF, 
    0x55, 0x56, 0x56, 0xFF, 0x8E, 0x96, 0x9D, 0xFF, 0x90, 0x98, 0x9F, 0xFF, 
    0x55, 0x55, 0x55, 0xFF, 0x56, 0x56, 0x56, 0xFF, 0x55, 0x55, 0x55, 0xB2, 
    0x00, 0x00, 0x00, 0x00, 0x00, 0x00, 0x00, 0x00, 0x00, 0x00, 0x00, 0x00, 
    0x00, 0x00, 0x00, 0x00, 0x00, 0x00, 0x00, 0x00, 0xE9, 0xFC, 0xFF, 0x02, 
    0x63, 0x64, 0x66, 0xD3, 0x53, 0x53, 0x53, 0xFF, 0x53, 0x53, 0x53, 0xFF, 
    0x52, 0x52, 0x52, 0xFF, 0x4F, 0x4F, 0x4E, 0xFF, 0x51, 0x50, 0x50, 0xFF, 
    0x53, 0x53, 0x53, 0xFF, 0x52, 0x52, 0x52, 0xFF, 0x52, 0x52, 0x52, 0xFF, 
    0x53, 0x53, 0x53, 0xFF, 0x53, 0x53, 0x53, 0xFF, 0x53, 0x53, 0x53, 0xFF, 
    0x53, 0x53, 0x53, 0xFF, 0x53, 0x53, 0x53, 0xFF, 0x53, 0x53, 0x53, 0xFF, 
    0x55, 0x56, 0x56, 0xFF, 0x5C, 0x5D, 0x5E, 0xFF, 0x72, 0x76, 0x7A, 0xFF, 
    0x7C, 0x82, 0x87, 0xFF, 0x5B, 0x5C, 0x5E, 0xFF, 0x59, 0x5A, 0x5A, 0xFF, 
    0x52, 0x52, 0x52, 0xFF, 0x53, 0x53, 0x53, 0xFF, 0x62, 0x64, 0x66, 0xD3, 
    0xFF, 0xFF, 0xFF, 0x02, 0x00, 0x00, 0x00, 0x00, 0x00, 0x00, 0x00, 0x00, 
    0x00, 0x00, 0x00, 0x00, 0x00, 0x00, 0x00, 0x00, 0x9F, 0xAA, 0xB4, 0x25, 
    0x99, 0xA3, 0xAA, 0xEA, 0x58, 0x59, 0x5A, 0xF3, 0x51, 0x51, 0x51, 0xFF, 
    0x51, 0x51, 0x51, 0xFF, 0x51, 0x51, 0x51, 0xFF, 0x51, 0x51, 0x51, 0xFF, 
    0x4F, 0x4F, 0x4E, 0xFF, 0x6E, 0x71, 0x75, 0xFF, 0x5A, 0x5B, 0x5C, 0xFF, 
    0x50, 0x50, 0x50, 0xFF, 0x51, 0x51, 0x51, 0xFF, 0x51, 0x51, 0x51, 0xFF, 
    0x51, 0x51, 0x51, 0xFF, 0x51, 0x51, 0x51, 0xFF, 0x58, 0x5A, 0x5B, 0xFF, 
    0x54, 0x55, 0x55, 0xFF, 0x4E, 0x4E, 0x4E, 0xFF, 0x82, 0x87, 0x8D, 0xFF, 
    0x8D, 0x95, 0x9B, 0xFF, 0x50, 0x50, 0x50, 0xFF, 0x51, 0x51, 0x51, 0xFF, 
    0x51, 0x51, 0x51, 0xFF, 0x58, 0x59, 0x5A, 0xF3, 0x99, 0xA3, 0xAA, 0xEA, 
    0xA1, 0xA8, 0xB3, 0x24, 0x00, 0x00, 0x00, 0x00, 0x00, 0x00, 0x00, 0x00, 
    0x00, 0x00, 0x00, 0x00, 0x00, 0x00, 0x00, 0x00, 0xA1, 0xAA, 0xB2, 0x4E, 
    0xA1, 0xAA, 0xB3, 0xFA, 0x8C, 0x93, 0x9A, 0xDB, 0x4E, 0x4D, 0x4D, 0xFF, 
    0x4E, 0x4E, 0x4E, 0xFF, 0x4E, 0x4E, 0x4E, 0xFF, 0x4F, 0x4F, 0x4F, 0xFF, 
    0x5F, 0x62, 0x64, 0xFF, 0x8D, 0x95, 0x9B, 0xFF, 0x72, 0x77, 0x7B, 0xFF, 
    0x59, 0x5B, 0x5C, 0xFF, 0x4E, 0x4E, 0x4E, 0xFF, 0x4E, 0x4E, 0x4E, 0xFF, 
    0x4D, 0x4D, 0x4D, 0xFF, 0x79, 0x7E, 0x84, 0xFF, 0x8F, 0x97, 0x9D, 0xFF, 
    0x83, 0x8A, 0x90, 0xFF, 0x51, 0x52, 0x52, 0xFF, 0x51, 0x52, 0x52, 0xFF, 
    0x53, 0x54, 0x54, 0xFF, 0x4E, 0x4E, 0x4E, 0xFF, 0x4E, 0x4E, 0x4E, 0xFF, 
    0x4E, 0x4D, 0x4D, 0xFF, 0x8C, 0x93, 0x9A, 0xDB, 0xA1, 0xAA, 0xB3, 0xFA, 
    0xA0, 0xA9, 0xB2, 0x4D, 0x00, 0x00, 0x00, 0x00, 0x00, 0x00, 0x00, 0x00, 
    0x00, 0x00, 0x00, 0x00, 0x00, 0x00, 0x00, 0x00, 0xA0, 0xA9, 0xB2, 0x76, 
    0xA1, 0xAA, 0xB3, 0xFE, 0xA1, 0xAA, 0xB3, 0xFF, 0x77, 0x7C, 0x81, 0xDB, 
    0x4C, 0x4C, 0x4C, 0xFE, 0x4C, 0x4C, 0x4C, 0xFF, 0x53, 0x54, 0x56, 0xFF, 
    0x85, 0x8C, 0x93, 0xFF, 0x90, 0x98, 0x9F, 0xFF, 0x8B, 0x93, 0x9A, 0xFF, 
    0x73, 0x78, 0x7D, 0xFF, 0x4B, 0x4B, 0x4B, 0xFF, 0x4C, 0x4C, 0x4C, 0xFF, 
    0x4C, 0x4C, 0x4C, 0xFF, 0x89, 0x90, 0x97, 0xFF, 0x91, 0x99, 0xA1, 0xFF, 
    0x8D, 0x95, 0x9C, 0xFF, 0x57, 0x59, 0x5A, 0xFF, 0x4C, 0x4C, 0x4C, 0xFF, 
    0x4C, 0x4C, 0x4C, 0xFF, 0x4C, 0x4C, 0x4C, 0xFF, 0x4C, 0x4C, 0x4C, 0xFE, 
    0x77, 0x7C, 0x81, 0xDB, 0xA1, 0xAA, 0xB3, 0xFF, 0xA1, 0xAA, 0xB2, 0xFE, 
    0x9E, 0xA8, 0xB1, 0x76, 0x00, 0x00, 0x00, 0x00, 0x00, 0x00, 0x00, 0x00, 
    0x00, 0x00, 0x00, 0x00, 0x9F, 0xA7, 0xAF, 0x03, 0x9E, 0xA7, 0xB0, 0xA0, 
    0x9F, 0xA7, 0xB0, 0xFF, 0x9F, 0xA8, 0xB1, 0xFF, 0x9D, 0xA6, 0xAF, 0xF3, 
    0x5D, 0x5F, 0x62, 0xF1, 0x49, 0x49, 0x49, 0xFF, 0x4A, 0x4A, 0x4A, 0xFF, 
    0x4D, 0x4E, 0x4F, 0xFF, 0x86, 0x8C, 0x93, 0xFF, 0x64, 0x67, 0x6A, 0xFF, 
    0x4C, 0x4D, 0x4D, 0xFF, 0x49, 0x49, 0x49, 0xFF, 0x49, 0x49, 0x49, 0xFF, 
    0x49, 0x48, 0x48, 0xFF, 0x60, 0x63, 0x65, 0xFF, 0x87, 0x8F, 0x95, 0xFF, 
    0x70, 0x75, 0x79, 0xFF, 0x49, 0x49, 0x4A, 0xFF, 0x49, 0x49, 0x49, 0xFF, 
    0x49, 0x49, 0x49, 0xFF, 0x49, 0x49, 0x49, 0xFF, 0x5D, 0x5F, 0x62, 0xF1, 
    0x9E, 0xA7, 0xAF, 0xF3, 0x9F, 0xA8, 0xB1, 0xFF, 0x9F, 0xA7, 0xB0, 0xFF, 
    0x9E, 0xA7, 0xAF, 0x9F, 0x9E, 0xA6, 0xAD, 0x02, 0x00, 0x00, 0x00, 0x00, 
    0x00, 0x00, 0x00, 0x00, 0x9B, 0xA4, 0xAD, 0x06, 0x9C, 0xA5, 0xAD, 0xC8, 
    0x9D, 0xA5, 0xAE, 0xFF, 0x9D, 0xA6, 0xAE, 0xFF, 0x9E, 0xA7, 0xAF, 0xFF, 
    0x97, 0x9F, 0xA7, 0xE5, 0x4F, 0x4F, 0x50, 0xF0, 0x47, 0x47, 0x47, 0xFF, 
    0x46, 0x46, 0x46, 0xFF, 0x59, 0x5B, 0x5D, 0xFF, 0x4C, 0x4D, 0x4E, 0xFF, 
    0x47, 0x47, 0x47, 0xFF, 0x47, 0x47, 0x47, 0xFF, 0x47, 0x47, 0x47, 0xFF, 
    0x47, 0x47, 0x47, 0xFF, 0x46, 0x46, 0x46, 0xFF, 0x43, 0x43, 0x43, 0xFF, 
    0x45, 0x45, 0x45, 0xFF, 0x47, 0x47, 0x47, 0xFF, 0x47, 0x47, 0x47, 0xFF, 
    0x47, 0x47, 0x47, 0xFF, 0x4E, 0x50, 0x50, 0xF0, 0x98, 0xA0, 0xA8, 0xE5, 
    0x9E, 0xA7, 0xB0, 0xFF, 0x9E, 0xA6, 0xAF, 0xFF, 0x9D, 0xA6, 0xAE, 0xFF, 
    0x9C, 0xA5, 0xAD, 0xC7, 0x9C, 0xA5, 0xAC, 0x06, 0x00, 0x00, 0x00, 0x00, 
    0x00, 0x00, 0x00, 0x00, 0x9A, 0xA2, 0xA9, 0x09, 0x9A, 0xA3, 0xAA, 0xEE, 
    0x9B, 0xA3, 0xAC, 0xFF, 0x9B, 0xA4, 0xAC, 0xFF, 0x9C, 0xA4, 0xAD, 0xFF, 
    0x9C, 0xA5, 0xAD, 0xFF, 0x83, 0x8B, 0x91, 0xE8, 0x46, 0x46, 0x46, 0xFC, 
    0x44, 0x44, 0x44, 0xFF, 0x44, 0x44, 0x44, 0xFF, 0x44, 0x44, 0x44, 0xFF, 
    0x44, 0x44, 0x44, 0xFF, 0x44, 0x44, 0x44, 0xFF, 0x44, 0x44, 0x44, 0xFF, 
    0x44, 0x44, 0x44, 0xFF, 0x44, 0x44, 0x44, 0xFF, 0x44, 0x44, 0x44, 0xFF, 
    0x44, 0x44, 0x44, 0xFF, 0x44, 0x44, 0x44, 0xFF, 0x44, 0x44, 0x44, 0xFF, 
    0x46, 0x46, 0x46, 0xFC, 0x84, 0x8B, 0x92, 0xE8, 0x9D, 0xA6, 0xAE, 0xFF, 
    0x9C, 0xA5, 0xAD, 0xFF, 0x9C, 0xA4, 0xAD, 0xFF, 0x9B, 0xA4, 0xAC, 0xFF, 
    0x9B, 0xA3, 0xAB, 0xED, 0x9C, 0xA3, 0xAB, 0x09, 0x00, 0x00, 0x00, 0x00, 
    0x00, 0x00, 0x00, 0x00, 0x99, 0x9E, 0xA9, 0x25, 0x98, 0xA0, 0xA8, 0xFF, 
    0x98, 0xA1, 0xA9, 0xFF, 0x99, 0xA2, 0xAA, 0xFF, 0x99, 0xA2, 0xAA, 0xFF, 
    0x9A, 0xA2, 0xAB, 0xFF, 0x9B, 0xA3, 0xAC, 0xFA, 0x73, 0x79, 0x7E, 0xDA, 
    0x43, 0x43, 0x43, 0xFF, 0x44, 0x44, 0x44, 0xFF, 0x44, 0x44, 0x44, 0xFF, 
    0x44, 0x44, 0x44, 0xFF, 0x44, 0x44, 0x44, 0xFF, 0x44, 0x44, 0x44, 0xFF, 
    0x44, 0x44, 0x44, 0xFF, 0x44, 0x44, 0x44, 0xFF, 0x44, 0x44, 0x44, 0xFF, 
    0x44, 0x44, 0x44, 0xFF, 0x44, 0x44, 0x44, 0xFF, 0x43, 0x43, 0x43, 0xFF, 
    0x74, 0x79, 0x7F, 0xDA, 0x9C, 0xA5, 0xAD, 0xFA, 0x9B, 0xA4, 0xAC, 0xFF, 
    0x9A, 0xA3, 0xAB, 0xFF, 0x9A, 0xA2, 0xAB, 0xFF, 0x99, 0xA2, 0xAA, 0xFF, 
    0x99, 0xA1, 0xA9, 0xFF, 0x97, 0xA2, 0xA8, 0x24, 0x00, 0x00, 0x00, 0x00, 
    0x00, 0x00, 0x00, 0x00, 0x96, 0x9D, 0xA5, 0x5F, 0x96, 0x9F, 0xA6, 0xFF, 
    0x96, 0x9F, 0xA7, 0xFF, 0x97, 0x9F, 0xA7, 0xFF, 0x98, 0xA0, 0xA8, 0xFF, 
    0x98, 0xA0, 0xA8, 0xFF, 0x98, 0xA1, 0xA9, 0xFF, 0x98, 0xA2, 0xAA, 0x9C, 
    0x00, 0x00, 0x00, 0x00, 0x00, 0x00, 0x00, 0x00, 0x00, 0x00, 0x00, 0x00, 
    0x00, 0x00, 0x00, 0x00, 0x00, 0x00, 0x00, 0x00, 0x00, 0x00, 0x00, 0x00, 
    0x00, 0x00, 0x00, 0x00, 0x00, 0x00, 0x00, 0x00, 0x00, 0x00, 0x00, 0x00, 
    0x00, 0x00, 0x00, 0x00, 0x00, 0x00, 0x00, 0x00, 0x00, 0x00, 0x00, 0x00, 
    0x9B, 0xA2, 0xAC, 0x98, 0x9A, 0xA3, 0xAB, 0xFF, 0x99, 0xA2, 0xAA, 0xFF, 
    0x99, 0xA1, 0xA9, 0xFF, 0x98, 0xA1, 0xA9, 0xFF, 0x98, 0xA0, 0xA8, 0xFF, 
    0x97, 0xA0, 0xA8, 0xFF, 0x96, 0x9E, 0xA6, 0x5F, 0x00, 0x00, 0x00, 0x00, 
    0x00, 0x00, 0x00, 0x00, 0x93, 0x9C, 0xA3, 0x92, 0x94, 0x9C, 0xA4, 0xFF, 
    0x94, 0x9C, 0xA4, 0xFF, 0x95, 0x9D, 0xA5, 0xFF, 0x95, 0x9D, 0xA5, 0xFF, 
    0x96, 0x9E, 0xA6, 0xFF, 0x96, 0x9E, 0xA6, 0xFF, 0x99, 0x9D, 0xA7, 0x26, 
    0x00, 0x00, 0x00, 0x00, 0x00, 0x00, 0x00, 0x00, 0x00, 0x00, 0x00, 0x00, 
    0x00, 0x00, 0x00, 0x00, 0x00, 0x00, 0x00, 0x00, 0x00, 0x00, 0x00, 0x00, 
    0x00, 0x00, 0x00, 0x00, 0x00, 0x00, 0x00, 0x00, 0x00, 0x00, 0x00, 0x00, 
    0x00, 0x00, 0x00, 0x00, 0x00, 0x00, 0x00, 0x00, 0x00, 0x00, 0x00, 0x00, 
    0x97, 0xA4, 0xAA, 0x1D, 0x98, 0xA0, 0xA9, 0xFC, 0x97, 0xA0, 0xA8, 0xFF, 
    0x97, 0x9F, 0xA7, 0xFF, 0x96, 0x9F, 0xA7, 0xFF, 0x96, 0x9E, 0xA6, 0xFF, 
    0x95, 0x9E, 0xA5, 0xFF, 0x95, 0x9C, 0xA4, 0x91, 0x00, 0x00, 0x00, 0x00, 
    0x00, 0x00, 0x00, 0x00, 0x91, 0x99, 0xA0, 0xBF, 0x92, 0x9A, 0xA1, 0xFF, 
    0x92, 0x9A, 0xA2, 0xFF, 0x92, 0x9B, 0xA2, 0xFF, 0x93, 0x9C, 0xA3, 0xFF, 
    0x94, 0x9C, 0xA3, 0xFF, 0x94, 0x9C, 0xA4, 0xC3, 0x94, 0x9C, 0xA4, 0x05, 
    0x00, 0x00, 0x00, 0x00, 0x00, 0x00, 0x00, 0x00, 0x00, 0x00, 0x00, 0x00, 
    0x00, 0x00, 0x00, 0x00, 0x00, 0x00, 0x00, 0x00, 0x00, 0x00, 0x00, 0x00, 
    0x00, 0x00, 0x00, 0x00, 0x00, 0x00, 0x00, 0x00, 0x00, 0x00, 0x00, 0x00, 
    0x00, 0x00, 0x00, 0x00, 0x00, 0x00, 0x00, 0x00, 0x00, 0x00, 0x00, 0x00, 
    0x97, 0x9E, 0xA5, 0x04, 0x96, 0x9E, 0xA6, 0xB5, 0x96, 0x9E, 0xA6, 0xFF, 
    0x95, 0x9D, 0xA5, 0xFF, 0x95, 0x9D, 0xA5, 0xFF, 0x94, 0x9C, 0xA4, 0xFF, 
    0x94, 0x9B, 0xA3, 0xFF, 0x92, 0x9B, 0xA2, 0xBF, 0x00, 0x00, 0x00, 0x00, 
    0x00, 0x00, 0x00, 0x00, 0x8F, 0x96, 0x9E, 0xCD, 0x90, 0x98, 0x9F, 0xFF, 
    0x90, 0x98, 0x9F, 0xFF, 0x91, 0x99, 0xA0, 0xFF, 0x91, 0x99, 0xA0, 0xFF, 
    0x92, 0x9A, 0xA1, 0xFD, 0x92, 0x99, 0xA1, 0x64, 0x00, 0x00, 0x00, 0x00, 
    0x00, 0x00, 0x00, 0x00, 0x00, 0x00, 0x00, 0x00, 0x00, 0x00, 0x00, 0x00, 
    0x00, 0x00, 0x00, 0x00, 0x00, 0x00, 0x00, 0x00, 0x00, 0x00, 0x00, 0x00, 
    0x00, 0x00, 0x00, 0x00, 0x00, 0x00, 0x00, 0x00, 0x00, 0x00, 0x00, 0x00, 
    0x00, 0x00, 0x00, 0x00, 0x00, 0x00, 0x00, 0x00, 0x00, 0x00, 0x00, 0x00, 
    0x00, 0x00, 0x00, 0x00, 0x93, 0x9D, 0xA4, 0x52, 0x94, 0x9C, 0xA4, 0xFB, 
    0x93, 0x9C, 0xA3, 0xFF, 0x93, 0x9B, 0xA3, 0xFF, 0x92, 0x9A, 0xA2, 0xFF, 
    0x92, 0x9A, 0xA1, 0xFF, 0x91, 0x98, 0xA0, 0xCD, 0x00, 0x00, 0x00, 0x00, 
    0x00, 0x00, 0x00, 0x00, 0x8E, 0x97, 0x9E, 0x79, 0x8F, 0x97, 0x9E, 0xFF, 
    0x8F, 0x97, 0x9E, 0xFF, 0x8F, 0x97, 0x9E, 0xFF, 0x8F, 0x97, 0x9E, 0xFF, 
    0x8F, 0x97, 0x9E, 0xC6, 0x8E, 0x9C, 0xA3, 0x06, 0x00, 0x00, 0x00, 0x00, 
    0x00, 0x00, 0x00, 0x00, 0x00, 0x00, 0x00, 0x00, 0x00, 0x00, 0x00, 0x00, 
    0x00, 0x00, 0x00, 0x00, 0x00, 0x00, 0x00, 0x00, 0x00, 0x00, 0x00, 0x00, 
    0x00, 0x00, 0x00, 0x00, 0x00, 0x00, 0x00, 0x00, 0x00, 0x00, 0x00, 0x00, 
    0x00, 0x00, 0x00, 0x00, 0x00, 0x00, 0x00, 0x00, 0x00, 0x00, 0x00, 0x00, 
    0x00, 0x00, 0x00, 0x00, 0x8E, 0xA2, 0xA6, 0x02, 0x92, 0x9A, 0xA1, 0xB3, 
    0x91, 0x9A, 0xA1, 0xFF, 0x91, 0x99, 0xA0, 0xFF, 0x90, 0x98, 0xA0, 0xFF, 
    0x90, 0x98, 0x9F, 0xFF, 0x8F, 0x98, 0x9E, 0x7E, 0x00, 0x00, 0x00, 0x00, 
    0x00, 0x00, 0x00, 0x00, 0x8A, 0x90, 0x94, 0x07, 0x8F, 0x97, 0x9E, 0xB3, 
    0x8F, 0x97, 0x9E, 0xFA, 0x8F, 0x97, 0x9E, 0xF8, 0x8F, 0x97, 0x9E, 0xC7, 
    0x91, 0x97, 0x9D, 0x19, 0x00, 0x00, 0x00, 0x00, 0x00, 0x00, 0x00, 0x00, 
    0x00, 0x00, 0x00, 0x00, 0x00, 0x00, 0x00, 0x00, 0x00, 0x00, 0x00, 0x00, 
    0x00, 0x00, 0x00, 0x00, 0x00, 0x00, 0x00, 0x00, 0x00, 0x00, 0x00, 0x00, 
    0x00, 0x00, 0x00, 0x00, 0x00, 0x00, 0x00, 0x00, 0x00, 0x00, 0x00, 0x00, 
    0x00, 0x00, 0x00, 0x00, 0x00, 0x00, 0x00, 0x00, 0x00, 0x00, 0x00, 0x00, 
    0x00, 0x00, 0x00, 0x00, 0x00, 0x00, 0x00, 0x00, 0x91, 0x9A, 0xA0, 0x12, 
    0x8F, 0x98, 0x9F, 0xBD, 0x8F, 0x97, 0x9E, 0xF7, 0x8F, 0x97, 0x9E, 0xFC, 
    0x8F, 0x96, 0x9E, 0xBB, 0x90, 0x94, 0x98, 0x09, 0x00, 0x00, 0x00, 0x00, 
    0x00, 0x00, 0x00, 0x00, 0x00, 0x00, 0x00, 0x00, 0x8F, 0x95, 0x9F, 0x0A, 
    0x8F, 0x97, 0x9D, 0x21, 0x8F, 0x97, 0x9D, 0x20, 0x8E, 0x97, 0x9D, 0x0E, 
    0x00, 0x00, 0x00, 0x00, 0x00, 0x00, 0x00, 0x00, 0x00, 0x00, 0x00, 0x00, 
    0x00, 0x00, 0x00, 0x00, 0x00, 0x00, 0x00, 0x00, 0x00, 0x00, 0x00, 0x00, 
    0x00, 0x00, 0x00, 0x00, 0x00, 0x00, 0x00, 0x00, 0x00, 0x00, 0x00, 0x00, 
    0x00, 0x00, 0x00, 0x00, 0x00, 0x00, 0x00, 0x00, 0x00, 0x00, 0x00, 0x00, 
    0x00, 0x00, 0x00, 0x00, 0x00, 0x00, 0x00, 0x00, 0x00, 0x00, 0x00, 0x00, 
    0x00, 0x00, 0x00, 0x00, 0x00, 0x00, 0x00, 0x00, 0x00, 0x00, 0x00, 0x00, 
    0x8E, 0x96, 0x9D, 0x0C, 0x8E, 0x97, 0x9D, 0x1F, 0x8E, 0x97, 0x9D, 0x21, 
    0x8E, 0x96, 0x9E, 0x0B, 0x00, 0x00, 0x00, 0x00, 0x00, 0x00, 0x00, 0x00, 
    0x00, 0x00, 0x00, 0x00, 0x00, 0x00, 0x00, 0x00, 0x00, 0x00, 0x00, 0x00, 
    0x00, 0x00, 0x00, 0x00, 0x00, 0x00, 0x00, 0x00, 0x00, 0x00, 0x00, 0x00, 
    0x00, 0x00, 0x00, 0x00, 0x00, 0x00, 0x00, 0x00, 0x00, 0x00, 0x00, 0x00, 
    0x00, 0x00, 0x00, 0x00, 0x00, 0x00, 0x00, 0x00, 0x00, 0x00, 0x00, 0x00, 
    0x00, 0x00, 0x00, 0x00, 0x00, 0x00, 0x00, 0x00, 0x00, 0x00, 0x00, 0x00, 
    0x00, 0x00, 0x00, 0x00, 0x00, 0x00, 0x00, 0x00, 0x00, 0x00, 0x00, 0x00, 
    0x00, 0x00, 0x00, 0x00, 0x00, 0x00, 0x00, 0x00, 0x00, 0x00, 0x00, 0x00, 
    0x00, 0x00, 0x00, 0x00, 0x00, 0x00, 0x00, 0x00, 0x00, 0x00, 0x00, 0x00, 
    0x00, 0x00, 0x00, 0x00, 0x00, 0x00, 0x00, 0x00, 0x00, 0x00, 0x00, 0x00, 
    0x00, 0x00, 0x00, 0x00, 0x00, 0x00, 0x00, 0x00, 0x00, 0x00, 0x00, 0x00, 
    0x00, 0x00, 0x00, 0x00, 0x00, 0x00, 0x00, 0x00, 0x00, 0x00, 0x00, 0x00, 
    0x00, 0x00, 0x00, 0x00, 0x00, 0x00, 0x00, 0x00, 0x00, 0x00, 0x00, 0x00, 
    0x00, 0x00, 0x00, 0x00, 0x00, 0x00, 0x00, 0x00, 0x00, 0x00, 0x00, 0x00, 
    0x00, 0x00, 0x00, 0x00, 0x00, 0x00, 0x00, 0x00, 0x00, 0x00, 0x00, 0x00, 
    0x00, 0x00, 0x00, 0x00, 0x00, 0x00, 0x00, 0x00, 0x00, 0x00, 0x00, 0x00, 
    0x00, 0x00, 0x00, 0x00, 0x00, 0x00, 0x00, 0x00, 0x00, 0x00, 0x00, 0x00, 
    0x00, 0x00, 0x00, 0x00, 0x00, 0x00, 0x00, 0x00, 0x00, 0x00, 0x00, 0x00, 
    0x00, 0x00, 0x00, 0x00, 0x00, 0x00, 0x00, 0x00, 0x00, 0x00, 0x00, 0x00, 
    0x00, 0x00, 0x00, 0x00, 0x00, 0x00, 0x00, 0x00, 0x00, 0x00, 0x00, 0x00, 
    0x00, 0x00, 0x00, 0x00, 0x00, 0x00, 0x00, 0x00, 0x00, 0x00, 0x00, 0x00, 
    0x00, 0x00, 0x00, 0x00, 0x00, 0x00, 0x00, 0x00, 0x00, 0x00, 0x00, 0x00, 
    0x00, 0x00, 0x00, 0x00, 0x00, 0x00, 0x00, 0x00, 0x00, 0x00, 0x00, 0x00, 
    0x00, 0x00, 0x00, 0x00, 0x00, 0x00, 0x00, 0x00, 0x00, 0x00, 0x00, 0x00, 
    0x00, 0x00, 0x00, 0x00, 0x00, 0x00, 0x00, 0x00, 0x00, 0x00, 0x00, 0x00, 
    0x00, 0x00, 0x00, 0x00, 0x00, 0x00, 0x00, 0x00, 0x00, 0x00, 0x00, 0x00, 
    0x00, 0x00, 0x00, 0x00, 0x00, 0x00, 0x00, 0x00, 0x00, 0x00, 0x00, 0x00, 
    0x00, 0x00, 0x00, 0x00, 0x00, 0x00, 0x00, 0x00, 0x00, 0x00, 0x00, 0x00, 
    0x00, 0x00, 0x00, 0x00, 0x00, 0x00, 0x00, 0x00, 0x00, 0x00, 0x00, 0x00, 
    0x00, 0x00, 0x00, 0x00, 0x00, 0x00, 0x00, 0x00, 0x00, 0x00, 0x00, 0x00, 
    0x00, 0x00, 0x00, 0x00, 0x00, 0x00, 0x00, 0x00, 0x00, 0x00, 0x00, 0x00, 
};
static const unsigned int NintendoControllerImage_len = 3600;
//--------------------------------

// TriangleImage --------------------------------
#define TriangleImage_W 15
#define TriangleImage_H 15

static const unsigned char TriangleImage[] = {
    0x00, 0x00, 0x00, 0x00, 0x7F, 0x7F, 0x7F, 0x02, 0x00, 0x00, 0x00, 0x00, 
    0x4E, 0x4E, 0x4E, 0x0D, 0x5F, 0x5F, 0x5F, 0x63, 0x61, 0x61, 0x61, 0xB4, 
    0x61, 0x61, 0x61, 0xEC, 0x5F, 0x5E, 0x5F, 0xFD, 0x60, 0x60, 0x60, 0xEC, 
    0x62, 0x62, 0x62, 0xB3, 0x60, 0x60, 0x60, 0x62, 0x55, 0x55, 0x55, 0x0C, 
    0x00, 0x00, 0x00, 0x00, 0x7F, 0x7F, 0x7F, 0x02, 0x00, 0x00, 0x00, 0x00, 
    0xFF, 0xFF, 0xFF, 0x01, 0x00, 0x00, 0x00, 0x00, 0x5C, 0x5C, 0x5C, 0x2F, 
    0x61, 0x61, 0x61, 0xBF, 0x63, 0x63, 0x63, 0xFF, 0x65, 0x65, 0x65, 0xFF, 
    0x62, 0x62, 0x62, 0xFF, 0x62, 0x67, 0x64, 0xFF, 0x62, 0x62, 0x62, 0xFF, 
    0x64, 0x64, 0x64, 0xFF, 0x63, 0x63, 0x63, 0xFF, 0x61, 0x61, 0x61, 0xBD, 
    0x5E, 0x5E, 0x5E, 0x2B, 0x00, 0x00, 0x00, 0x00, 0xFF, 0xFF, 0xFF, 0x01, 
    0x00, 0x00, 0x00, 0x00, 0x5E, 0x5E, 0x5E, 0x2E, 0x60, 0x60, 0x60, 0xE5, 
    0x66, 0x66, 0x66, 0xFF, 0x60, 0x62, 0x60, 0xFD, 0x60, 0x5C, 0x5E, 0xFD, 
    0x61, 0x75, 0x6A, 0xFF, 0x66, 0xC9, 0x97, 0xFF, 0x61, 0x75, 0x6B, 0xFF, 
    0x60, 0x5C, 0x5E, 0xFD, 0x60, 0x62, 0x61, 0xFD, 0x66, 0x66, 0x66, 0xFF, 
    0x61, 0x61, 0x61, 0xE2, 0x5E, 0x5E, 0x5E, 0x2B, 0x00, 0x00, 0x00, 0x00, 
    0x62, 0x62, 0x62, 0x0D, 0x5F, 0x5F, 0x5F, 0xC2, 0x66, 0x66, 0x66, 0xFF, 
    0x60, 0x60, 0x60, 0xFB, 0x61, 0x62, 0x62, 0xFF, 0x61, 0x5B, 0x5E, 0xFF, 
    0x65, 0xB3, 0x8C, 0xFF, 0x6A, 0xFF, 0xB8, 0xFF, 0x66, 0xB4, 0x8D, 0xFF, 
    0x61, 0x5B, 0x5E, 0xFF, 0x61, 0x62, 0x61, 0xFF, 0x60, 0x60, 0x60, 0xFB, 
    0x66, 0x66, 0x66, 0xFF, 0x60, 0x60, 0x60, 0xBE, 0x5C, 0x5C, 0x5C, 0x0B, 
    0x60, 0x60, 0x60, 0x62, 0x63, 0x63, 0x63, 0xFF, 0x60, 0x60, 0x60, 0xFD, 
    0x61, 0x62, 0x62, 0xFE, 0x61, 0x5B, 0x5E, 0xFF, 0x63, 0x87, 0x75, 0xFF, 
    0x69, 0xED, 0xAC, 0xFF, 0x68, 0xDD, 0xA4, 0xFF, 0x69, 0xED, 0xAC, 0xFF, 
    0x63, 0x87, 0x75, 0xFF, 0x61, 0x5B, 0x5E, 0xFF, 0x61, 0x62, 0x62, 0xFE, 
    0x60, 0x60, 0x60, 0xFD, 0x62, 0x62, 0x62, 0xFE, 0x60, 0x60, 0x60, 0x5F, 
    0x61, 0x61, 0x61, 0xB7, 0x65, 0x65, 0x65, 0xFF, 0x61, 0x61, 0x61, 0xFC, 
    0x61, 0x60, 0x61, 0xFF, 0x61, 0x65, 0x62, 0xFF, 0x67, 0xD3, 0x9E, 0xFF, 
    0x68, 0xDB, 0xA2, 0xFF, 0x62, 0x71, 0x69, 0xFF, 0x68, 0xDA, 0xA2, 0xFF, 
    0x67, 0xD4, 0x9F, 0xFF, 0x61, 0x65, 0x62, 0xFF, 0x61, 0x60, 0x61, 0xFF, 
    0x61, 0x61, 0x61, 0xFC, 0x65, 0x65, 0x65, 0xFF, 0x60, 0x60, 0x60, 0xB6, 
    0x60, 0x60, 0x60, 0xEB, 0x61, 0x62, 0x61, 0xFF, 0x61, 0x63, 0x61, 0xFE, 
    0x61, 0x59, 0x5D, 0xFF, 0x64, 0x9D, 0x81, 0xFF, 0x69, 0xF6, 0xB1, 0xFF, 
    0x63, 0x8E, 0x79, 0xFF, 0x60, 0x52, 0x59, 0xFF, 0x63, 0x8E, 0x79, 0xFF, 
    0x69, 0xF6, 0xB1, 0xFF, 0x64, 0x9D, 0x81, 0xFF, 0x61, 0x59, 0x5D, 0xFF, 
    0x61, 0x63, 0x61, 0xFE, 0x61, 0x62, 0x61, 0xFF, 0x60, 0x60, 0x60, 0xEA, 
    0x60, 0x60, 0x60, 0xFD, 0x61, 0x62, 0x62, 0xFF, 0x61, 0x5D, 0x5F, 0xFF, 
    0x62, 0x72, 0x6A, 0xFF, 0x69, 0xEA, 0xAB, 0xFF, 0x67, 0xC4, 0x96, 0xFF, 
    0x61, 0x60, 0x60, 0xFF, 0x61, 0x63, 0x62, 0xFF, 0x61, 0x60, 0x60, 0xFF, 
    0x66, 0xC4, 0x94, 0xFF, 0x69, 0xEB, 0xAB, 0xFF, 0x62, 0x72, 0x6A, 0xFF, 
    0x61, 0x5D, 0x5F, 0xFF, 0x61, 0x62, 0x62, 0xFF, 0x60, 0x60, 0x60, 0xFC, 
    0x60, 0x61, 0x61, 0xEB, 0x62, 0x62, 0x62, 0xFF, 0x60, 0x5D, 0x5E, 0xFE, 
    0x66, 0xBC, 0x91, 0xFF, 0x68, 0xE8, 0xA9, 0xFF, 0x61, 0x72, 0x6A, 0xFF, 
    0x61, 0x56, 0x5B, 0xFF, 0x61, 0x5D, 0x5F, 0xFF, 0x61, 0x56, 0x5B, 0xFF, 
    0x62, 0x72, 0x69, 0xFF, 0x68, 0xE7, 0xA9, 0xFF, 0x66, 0xBC, 0x92, 0xFF, 
    0x61, 0x5C, 0x5E, 0xFE, 0x62, 0x62, 0x62, 0xFF, 0x60, 0x60, 0x60, 0xEA, 
    0x60, 0x63, 0x62, 0xB6, 0x64, 0x5F, 0x61, 0xFF, 0x64, 0x8B, 0x77, 0xFC, 
    0x69, 0xF5, 0xB1, 0xFF, 0x67, 0xD1, 0x9D, 0xFF, 0x64, 0x9A, 0x7F, 0xFF, 
    0x64, 0xA1, 0x82, 0xFF, 0x64, 0xA0, 0x82, 0xFF, 0x64, 0xA1, 0x83, 0xFF, 
    0x64, 0x9A, 0x7F, 0xFF, 0x67, 0xD1, 0x9D, 0xFF, 0x69, 0xF5, 0xB1, 0xFF, 
    0x63, 0x8B, 0x77, 0xFC, 0x64, 0x5F, 0x62, 0xFF, 0x61, 0x62, 0x61, 0xB5, 
    0x60, 0x60, 0x60, 0x62, 0x63, 0x65, 0x64, 0xFF, 0x66, 0xC6, 0x97, 0xFD, 
    0x68, 0xEB, 0xAB, 0xFE, 0x68, 0xE4, 0xA7, 0xFF, 0x69, 0xE9, 0xAA, 0xFF, 
    0x69, 0xE9, 0xAA, 0xFF, 0x69, 0xE9, 0xAA, 0xFF, 0x69, 0xE9, 0xAA, 0xFF, 
    0x69, 0xE9, 0xAA, 0xFF, 0x68, 0xE4, 0xA7, 0xFF, 0x68, 0xEB, 0xAB, 0xFE, 
    0x66, 0xC6, 0x97, 0xFD, 0x63, 0x66, 0x65, 0xFF, 0x61, 0x61, 0x61, 0x61, 
    0x62, 0x4E, 0x4E, 0x0D, 0x60, 0x66, 0x63, 0xC0, 0x67, 0x7D, 0x72, 0xFF, 
    0x61, 0x75, 0x6B, 0xFB, 0x62, 0x76, 0x6C, 0xFE, 0x62, 0x75, 0x6C, 0xFF, 
    0x62, 0x75, 0x6C, 0xFF, 0x62, 0x75, 0x6C, 0xFF, 0x62, 0x75, 0x6C, 0xFF, 
    0x62, 0x75, 0x6C, 0xFF, 0x62, 0x76, 0x6C, 0xFF, 0x61, 0x75, 0x6B, 0xFB, 
    0x67, 0x7D, 0x72, 0xFF, 0x60, 0x65, 0x62, 0xBF, 0x6A, 0x55, 0x55, 0x0C, 
    0x00, 0x00, 0x00, 0x00, 0x61, 0x5B, 0x61, 0x2A, 0x61, 0x5B, 0x5D, 0xE2, 
    0x66, 0x61, 0x64, 0xFF, 0x60, 0x5C, 0x5E, 0xFD, 0x60, 0x5B, 0x5D, 0xFD, 
    0x61, 0x5C, 0x5E, 0xFF, 0x61, 0x5C, 0x5E, 0xFF, 0x61, 0x5C, 0x5E, 0xFF, 
    0x60, 0x5B, 0x5D, 0xFD, 0x60, 0x5C, 0x5E, 0xFD, 0x66, 0x61, 0x63, 0xFF, 
    0x61, 0x5B, 0x5E, 0xE2, 0x61, 0x5B, 0x5B, 0x2A, 0x00, 0x00, 0x00, 0x00, 
    0xFF, 0xFF, 0xFF, 0x01, 0x00, 0x00, 0x00, 0x00, 0x61, 0x67, 0x61, 0x2A, 
    0x62, 0x64, 0x62, 0xBA, 0x62, 0x63, 0x63, 0xFF, 0x65, 0x66, 0x66, 0xFF, 
    0x62, 0x63, 0x62, 0xFF, 0x61, 0x62, 0x62, 0xFF, 0x62, 0x63, 0x62, 0xFF, 
    0x65, 0x66, 0x65, 0xFF, 0x63, 0x64, 0x63, 0xFF, 0x61, 0x64, 0x63, 0xBC, 
    0x5E, 0x64, 0x5E, 0x2B, 0x00, 0x00, 0x00, 0x00, 0xFF, 0xFF, 0xFF, 0x01, 
    0x00, 0x00, 0x00, 0x00, 0x7F, 0x7F, 0x7F, 0x02, 0x00, 0x00, 0x00, 0x00, 
    0x66, 0x66, 0x66, 0x0A, 0x60, 0x60, 0x60, 0x5F, 0x62, 0x62, 0x62, 0xB3, 
    0x60, 0x60, 0x60, 0xEA, 0x60, 0x60, 0x60, 0xFD, 0x60, 0x60, 0x60, 0xEB, 
    0x62, 0x62, 0x62, 0xB2, 0x63, 0x63, 0x63, 0x61, 0x5C, 0x5C, 0x5C, 0x0B, 
    0x00, 0x00, 0x00, 0x00, 0x7F, 0x7F, 0x7F, 0x02, 0x00, 0x00, 0x00, 0x00, 
};
static const unsigned int TriangleImage_len = 900;
//--------------------------------
// SquareImage --------------------------------
#define SquareImage_W 15
#define SquareImage_H 15

static const unsigned char SquareImage[] = {
    0x00, 0x00, 0x00, 0x00, 0x7F, 0x7F, 0x7F, 0x02, 0x00, 0x00, 0x00, 0x00, 
    0x62, 0x4E, 0x4E, 0x0D, 0x61, 0x5F, 0x61, 0x63, 0x63, 0x61, 0x63, 0xB4, 
    0x61, 0x61, 0x61, 0xEC, 0x60, 0x5F, 0x60, 0xFD, 0x61, 0x60, 0x60, 0xEC, 
    0x63, 0x62, 0x63, 0xB3, 0x62, 0x60, 0x62, 0x62, 0x6A, 0x55, 0x55, 0x0C, 
    0x00, 0x00, 0x00, 0x00, 0x7F, 0x7F, 0x7F, 0x02, 0x00, 0x00, 0x00, 0x00, 
    0xFF, 0xFF, 0xFF, 0x01, 0x00, 0x00, 0x00, 0x00, 0x5C, 0x5C, 0x5C, 0x2F, 
    0x5E, 0x61, 0x60, 0xBF, 0x60, 0x62, 0x61, 0xFF, 0x62, 0x65, 0x64, 0xFF, 
    0x5F, 0x61, 0x60, 0xFF, 0x5E, 0x61, 0x60, 0xFF, 0x5F, 0x61, 0x60, 0xFF, 
    0x61, 0x64, 0x63, 0xFF, 0x60, 0x62, 0x61, 0xFF, 0x5E, 0x61, 0x5F, 0xBD, 
    0x5E, 0x5E, 0x5E, 0x2B, 0x00, 0x00, 0x00, 0x00, 0xFF, 0xFF, 0xFF, 0x01, 
    0x00, 0x00, 0x00, 0x00, 0x5E, 0x5E, 0x5E, 0x2E, 0x63, 0x60, 0x60, 0xE5, 
    0x76, 0x69, 0x6D, 0xFF, 0x72, 0x63, 0x68, 0xFD, 0x70, 0x63, 0x67, 0xFD, 
    0x71, 0x63, 0x68, 0xFF, 0x72, 0x63, 0x68, 0xFF, 0x71, 0x63, 0x68, 0xFF, 
    0x70, 0x63, 0x67, 0xFD, 0x72, 0x63, 0x68, 0xFD, 0x75, 0x69, 0x6C, 0xFF, 
    0x62, 0x61, 0x61, 0xE2, 0x58, 0x5E, 0x5E, 0x2B, 0x00, 0x00, 0x00, 0x00, 
    0x75, 0x62, 0x62, 0x0D, 0x5C, 0x5F, 0x5E, 0xC2, 0x75, 0x69, 0x6D, 0xFF, 
    0xD8, 0x77, 0x98, 0xFB, 0xEF, 0x7D, 0xA4, 0xFF, 0xF0, 0x7D, 0xA4, 0xFF, 
    0xF1, 0x7D, 0xA4, 0xFF, 0xF1, 0x7D, 0xA4, 0xFF, 0xF1, 0x7D, 0xA4, 0xFF, 
    0xF0, 0x7D, 0xA4, 0xFF, 0xEF, 0x7D, 0xA4, 0xFF, 0xD8, 0x77, 0x98, 0xFB, 
    0x75, 0x69, 0x6D, 0xFF, 0x5D, 0x60, 0x5F, 0xBE, 0x5C, 0x5C, 0x5C, 0x0B, 
    0x62, 0x60, 0x60, 0x62, 0x60, 0x62, 0x61, 0xFF, 0x72, 0x63, 0x68, 0xFD, 
    0xF0, 0x7D, 0xA4, 0xFE, 0xDA, 0x78, 0x9A, 0xFF, 0xAB, 0x6F, 0x84, 0xFF, 
    0xB1, 0x70, 0x86, 0xFF, 0xB0, 0x70, 0x86, 0xFF, 0xB1, 0x70, 0x86, 0xFF, 
    0xAB, 0x6F, 0x84, 0xFF, 0xDA, 0x78, 0x9A, 0xFF, 0xF0, 0x7D, 0xA4, 0xFE, 
    0x72, 0x63, 0x68, 0xFD, 0x5F, 0x61, 0x61, 0xFE, 0x63, 0x60, 0x63, 0x5F, 
    0x62, 0x61, 0x61, 0xB7, 0x62, 0x64, 0x63, 0xFF, 0x71, 0x63, 0x68, 0xFC, 
    0xF1, 0x7D, 0xA4, 0xFF, 0xAB, 0x6F, 0x83, 0xFF, 0x4E, 0x5D, 0x58, 0xFF, 
    0x5A, 0x5F, 0x5E, 0xFF, 0x58, 0x5F, 0x5D, 0xFF, 0x5A, 0x5F, 0x5E, 0xFF, 
    0x4E, 0x5D, 0x58, 0xFF, 0xAB, 0x6F, 0x83, 0xFF, 0xF1, 0x7D, 0xA4, 0xFF, 
    0x71, 0x63, 0x68, 0xFC, 0x62, 0x64, 0x63, 0xFF, 0x62, 0x60, 0x60, 0xB6, 
    0x61, 0x61, 0x61, 0xEB, 0x5E, 0x61, 0x60, 0xFF, 0x71, 0x63, 0x68, 0xFE, 
    0xF1, 0x7D, 0xA4, 0xFF, 0xB1, 0x70, 0x86, 0xFF, 0x5A, 0x5F, 0x5E, 0xFF, 
    0x65, 0x61, 0x63, 0xFF, 0x63, 0x61, 0x62, 0xFF, 0x65, 0x61, 0x63, 0xFF, 
    0x5A, 0x5F, 0x5E, 0xFF, 0xB1, 0x70, 0x86, 0xFF, 0xF1, 0x7D, 0xA4, 0xFF, 
    0x71, 0x63, 0x68, 0xFE, 0x5E, 0x61, 0x60, 0xFF, 0x62, 0x60, 0x60, 0xEA, 
    0x61, 0x60, 0x60, 0xFD, 0x5E, 0x61, 0x60, 0xFF, 0x72, 0x63, 0x68, 0xFF, 
    0xF1, 0x7D, 0xA4, 0xFF, 0xB0, 0x70, 0x86, 0xFF, 0x58, 0x5F, 0x5D, 0xFF, 
    0x63, 0x61, 0x62, 0xFF, 0x61, 0x61, 0x61, 0xFF, 0x63, 0x61, 0x62, 0xFF, 
    0x58, 0x5F, 0x5D, 0xFF, 0xB0, 0x70, 0x86, 0xFF, 0xF1, 0x7D, 0xA4, 0xFF, 
    0x72, 0x63, 0x68, 0xFF, 0x5E, 0x61, 0x60, 0xFF, 0x61, 0x61, 0x61, 0xFC, 
    0x61, 0x61, 0x61, 0xEB, 0x5E, 0x61, 0x60, 0xFF, 0x71, 0x63, 0x68, 0xFE, 
    0xF1, 0x7D, 0xA4, 0xFF, 0xB1, 0x70, 0x86, 0xFF, 0x5A, 0x5F, 0x5E, 0xFF, 
    0x65, 0x61, 0x63, 0xFF, 0x63, 0x61, 0x62, 0xFF, 0x65, 0x61, 0x63, 0xFF, 
    0x5A, 0x5F, 0x5E, 0xFF, 0xB1, 0x70, 0x86, 0xFF, 0xF1, 0x7D, 0xA4, 0xFF, 
    0x71, 0x63, 0x68, 0xFE, 0x5E, 0x61, 0x60, 0xFF, 0x62, 0x60, 0x60, 0xEA, 
    0x62, 0x60, 0x60, 0xB6, 0x62, 0x64, 0x63, 0xFF, 0x71, 0x63, 0x68, 0xFC, 
    0xF1, 0x7D, 0xA4, 0xFF, 0xAB, 0x6F, 0x83, 0xFF, 0x4E, 0x5D, 0x58, 0xFF, 
    0x5A, 0x5F, 0x5E, 0xFF, 0x58, 0x5F, 0x5D, 0xFF, 0x5A, 0x5F, 0x5E, 0xFF, 
    0x4E, 0x5D, 0x58, 0xFF, 0xAB, 0x6F, 0x83, 0xFF, 0xF1, 0x7D, 0xA4, 0xFF, 
    0x71, 0x63, 0x68, 0xFC, 0x62, 0x64, 0x63, 0xFF, 0x61, 0x61, 0x61, 0xB5, 
    0x62, 0x60, 0x60, 0x62, 0x60, 0x62, 0x61, 0xFF, 0x72, 0x63, 0x68, 0xFD, 
    0xF0, 0x7D, 0xA4, 0xFE, 0xDA, 0x78, 0x9A, 0xFF, 0xAB, 0x6F, 0x84, 0xFF, 
    0xB1, 0x70, 0x86, 0xFF, 0xB0, 0x70, 0x86, 0xFF, 0xB1, 0x70, 0x86, 0xFF, 
    0xAB, 0x6F, 0x84, 0xFF, 0xDA, 0x78, 0x9A, 0xFF, 0xF0, 0x7D, 0xA4, 0xFE, 
    0x72, 0x63, 0x68, 0xFD, 0x60, 0x62, 0x61, 0xFF, 0x63, 0x61, 0x63, 0x61, 
    0x75, 0x62, 0x75, 0x0D, 0x5C, 0x60, 0x5F, 0xC0, 0x75, 0x69, 0x6D, 0xFF, 
    0xD8, 0x77, 0x98, 0xFB, 0xEF, 0x7D, 0xA4, 0xFE, 0xF0, 0x7D, 0xA4, 0xFF, 
    0xF1, 0x7D, 0xA4, 0xFF, 0xF1, 0x7D, 0xA4, 0xFF, 0xF1, 0x7D, 0xA4, 0xFF, 
    0xF0, 0x7D, 0xA4, 0xFF, 0xEF, 0x7D, 0xA4, 0xFF, 0xD8, 0x77, 0x98, 0xFB, 
    0x75, 0x69, 0x6D, 0xFF, 0x5D, 0x60, 0x5E, 0xBF, 0x7F, 0x6A, 0x7F, 0x0C, 
    0x00, 0x00, 0x00, 0x00, 0x61, 0x61, 0x61, 0x2A, 0x62, 0x61, 0x61, 0xE2, 
    0x75, 0x69, 0x6C, 0xFF, 0x72, 0x63, 0x68, 0xFD, 0x70, 0x63, 0x67, 0xFD, 
    0x71, 0x63, 0x68, 0xFF, 0x72, 0x63, 0x68, 0xFF, 0x71, 0x63, 0x68, 0xFF, 
    0x70, 0x63, 0x67, 0xFD, 0x72, 0x63, 0x68, 0xFD, 0x75, 0x69, 0x6C, 0xFF, 
    0x63, 0x62, 0x62, 0xE2, 0x61, 0x61, 0x61, 0x2A, 0x00, 0x00, 0x00, 0x00, 
    0xFF, 0xFF, 0xFF, 0x01, 0x00, 0x00, 0x00, 0x00, 0x5B, 0x5B, 0x5B, 0x2A, 
    0x5E, 0x61, 0x5F, 0xBA, 0x5F, 0x62, 0x61, 0xFF, 0x62, 0x65, 0x64, 0xFF, 
    0x5F, 0x61, 0x60, 0xFF, 0x5E, 0x61, 0x60, 0xFF, 0x5F, 0x61, 0x60, 0xFF, 
    0x61, 0x64, 0x63, 0xFF, 0x60, 0x62, 0x61, 0xFF, 0x5E, 0x61, 0x60, 0xBC, 
    0x5E, 0x5E, 0x5E, 0x2B, 0x00, 0x00, 0x00, 0x00, 0xFF, 0xFF, 0xFF, 0x01, 
    0x00, 0x00, 0x00, 0x00, 0x7F, 0x7F, 0x7F, 0x02, 0x00, 0x00, 0x00, 0x00, 
    0x66, 0x66, 0x66, 0x0A, 0x63, 0x60, 0x63, 0x5F, 0x63, 0x62, 0x63, 0xB3, 
    0x62, 0x60, 0x60, 0xEA, 0x61, 0x60, 0x60, 0xFD, 0x61, 0x60, 0x60, 0xEB, 
    0x62, 0x62, 0x62, 0xB2, 0x66, 0x63, 0x63, 0x61, 0x73, 0x5C, 0x5C, 0x0B, 
    0x00, 0x00, 0x00, 0x00, 0x7F, 0x7F, 0x7F, 0x02, 0x00, 0x00, 0x00, 0x00, 
};
static const unsigned int SquareImage_len = 900;
//--------------------------------// BatEmptyImage --------------------------------
#define BatEmptyImage_W 25
#define BatEmptyImage_H 40

static const unsigned char BatEmptyImage[] = {
    0x00, 0x00, 0x00, 0x00, 0x00, 0x00, 0x00, 0x00, 0x00, 0x00, 0x00, 0x00, 
    0x00, 0x00, 0x00, 0x00, 0x00, 0x00, 0x00, 0x00, 0x00, 0x00, 0x00, 0x00, 
    0x00, 0x00, 0x00, 0x00, 0x00, 0x00, 0x00, 0x00, 0x56, 0x56, 0x56, 0x11, 
    0x25, 0x25, 0x25, 0xA5, 0x1A, 0x1A, 0x1A, 0xD8, 0x1D, 0x1D, 0x1D, 0xDB, 
    0x1D, 0x1D, 0x1D, 0xDB, 0x1D, 0x1D, 0x1D, 0xDB, 0x19, 0x19, 0x19, 0xD7, 
    0x2D, 0x2D, 0x2D, 0x9B, 0x56, 0x56, 0x56, 0x07, 0x00, 0x00, 0x00, 0x00, 
    0x00, 0x00, 0x00, 0x00, 0x00, 0x00, 0x00, 0x00, 0x00, 0x00, 0x00, 0x00, 
    0x00, 0x00, 0x00, 0x00, 0x00, 0x00, 0x00, 0x00, 0x00, 0x00, 0x00, 0x00, 
    0x00, 0x00, 0x00, 0x00, 0x00, 0x00, 0x00, 0x00, 0x00, 0x00, 0x00, 0x00, 
    0x00, 0x00, 0x00, 0x00, 0x00, 0x00, 0x00, 0x00, 0x00, 0x00, 0x00, 0x00, 
    0x00, 0x00, 0x00, 0x00, 0x00, 0x00, 0x00, 0x00, 0x00, 0x00, 0x00, 0x00, 
    0x27, 0x27, 0x27, 0x8A, 0x00, 0x00, 0x00, 0xFF, 0x00, 0x00, 0x00, 0xFF, 
    0x00, 0x00, 0x00, 0xFF, 0x00, 0x00, 0x00, 0xFF, 0x00, 0x00, 0x00, 0xFF, 
    0x00, 0x00, 0x00, 0xFF, 0x00, 0x00, 0x00, 0xFF, 0x31, 0x31, 0x31, 0x6A, 
    0x00, 0x00, 0x00, 0x00, 0x00, 0x00, 0x00, 0x00, 0x00, 0x00, 0x00, 0x00, 
    0x00, 0x00, 0x00, 0x00, 0x00, 0x00, 0x00, 0x00, 0x00, 0x00, 0x00, 0x00, 
    0x00, 0x00, 0x00, 0x00, 0x00, 0x00, 0x00, 0x00, 0x00, 0x00, 0x00, 0x00, 
    0x00, 0x00, 0x00, 0x00, 0x4D, 0x4D, 0x4D, 0x17, 0x2D, 0x2D, 0x2D, 0x79, 
    0x24, 0x24, 0x24, 0xB4, 0x2A, 0x2A, 0x2A, 0xCF, 0x2A, 0x2A, 0x2A, 0xCF, 
    0x2A, 0x2A, 0x2A, 0xCF, 0x12, 0x12, 0x12, 0xF2, 0x00, 0x00, 0x00, 0xFF, 
    0x00, 0x00, 0x00, 0xFF, 0x00, 0x00, 0x00, 0xFF, 0x00, 0x00, 0x00, 0xFF, 
    0x00, 0x00, 0x00, 0xFF, 0x00, 0x00, 0x00, 0xFF, 0x00, 0x00, 0x00, 0xFF, 
    0x18, 0x18, 0x18, 0xEE, 0x2A, 0x2A, 0x2A, 0xCF, 0x2A, 0x2A, 0x2A, 0xCF, 
    0x2B, 0x2B, 0x2B, 0xCF, 0x26, 0x26, 0x26, 0xB5, 0x31, 0x31, 0x31, 0x70, 
    0x4E, 0x4E, 0x4E, 0x0C, 0x00, 0x00, 0x00, 0x00, 0x00, 0x00, 0x00, 0x00, 
    0x00, 0x00, 0x00, 0x00, 0x32, 0x32, 0x32, 0x42, 0x15, 0x15, 0x15, 0xEA, 
    0x00, 0x00, 0x00, 0xFF, 0x00, 0x00, 0x00, 0xFF, 0x00, 0x00, 0x00, 0xFF, 
    0x00, 0x00, 0x00, 0xFF, 0x00, 0x00, 0x00, 0xFF, 0x00, 0x00, 0x00, 0xFF, 
    0x00, 0x00, 0x00, 0xFF, 0x00, 0x00, 0x00, 0xFF, 0x00, 0x00, 0x00, 0xFF, 
    0x00, 0x00, 0x00, 0xFF, 0x00, 0x00, 0x00, 0xFF, 0x00, 0x00, 0x00, 0xFF, 
    0x00, 0x00, 0x00, 0xFF, 0x00, 0x00, 0x00, 0xFF, 0x00, 0x00, 0x00, 0xFF, 
    0x00, 0x00, 0x00, 0xFF, 0x00, 0x00, 0x00, 0xFF, 0x00, 0x00, 0x00, 0xFF, 
    0x00, 0x00, 0x00, 0xFF, 0x1D, 0x1D, 0x1D, 0xE1, 0x31, 0x31, 0x31, 0x29, 
    0x00, 0x00, 0x00, 0x00, 0x3F, 0x3F, 0x3F, 0x27, 0x11, 0x11, 0x11, 0xF5, 
    0x00, 0x00, 0x00, 0xFF, 0x00, 0x00, 0x00, 0xFF, 0x00, 0x00, 0x00, 0xFF, 
    0x00, 0x00, 0x00, 0xFF, 0x00, 0x00, 0x00, 0xFF, 0x00, 0x00, 0x00, 0xFF, 
    0x00, 0x00, 0x00, 0xFF, 0x00, 0x00, 0x00, 0xFF, 0x00, 0x00, 0x00, 0xFF, 
    0x00, 0x00, 0x00, 0xFF, 0x00, 0x00, 0x00, 0xFF, 0x00, 0x00, 0x00, 0xFF, 
    0x00, 0x00, 0x00, 0xFF, 0x00, 0x00, 0x00, 0xFF, 0x00, 0x00, 0x00, 0xFF, 
    0x00, 0x00, 0x00, 0xFF, 0x00, 0x00, 0x00, 0xFF, 0x00, 0x00, 0x00, 0xFF, 
    0x00, 0x00, 0x00, 0xFF, 0x00, 0x00, 0x00, 0xFF, 0x00, 0x00, 0x00, 0xFF, 
    0x1A, 0x1A, 0x1A, 0xE2, 0x50, 0x50, 0x50, 0x10, 0x26, 0x26, 0x26, 0xA4, 
    0x00, 0x00, 0x00, 0xFF, 0x00, 0x00, 0x00, 0xFF, 0x00, 0x00, 0x00, 0xFF, 
    0x00, 0x00, 0x00, 0xFF, 0x00, 0x00, 0x00, 0xFF, 0x00, 0x00, 0x00, 0xFF, 
    0x00, 0x00, 0x00, 0xFF, 0x00, 0x00, 0x00, 0xFF, 0x00, 0x00, 0x00, 0xFF, 
    0x00, 0x00, 0x00, 0xFF, 0x00, 0x00, 0x00, 0xFF, 0x00, 0x00, 0x00, 0xFF, 
    0x00, 0x00, 0x00, 0xFF, 0x00, 0x00, 0x00, 0xFF, 0x00, 0x00, 0x00, 0xFF, 
    0x00, 0x00, 0x00, 0xFF, 0x00, 0x00, 0x00, 0xFF, 0x00, 0x00, 0x00, 0xFF, 
    0x00, 0x00, 0x00, 0xFF, 0x00, 0x00, 0x00, 0xFF, 0x00, 0x00, 0x00, 0xFF, 
    0x00, 0x00, 0x00, 0xFF, 0x00, 0x00, 0x00, 0xFF, 0x2C, 0x2C, 0x2C, 0x7C, 
    0x20, 0x20, 0x20, 0xF1, 0x00, 0x00, 0x00, 0xFF, 0x00, 0x00, 0x00, 0xFF, 
    0x00, 0x00, 0x00, 0xFF, 0x25, 0x25, 0x25, 0xA8, 0x30, 0x30, 0x30, 0x63, 
    0x30, 0x30, 0x30, 0x63, 0x30, 0x30, 0x30, 0x63, 0x30, 0x30, 0x30, 0x63, 
    0x30, 0x30, 0x30, 0x63, 0x30, 0x30, 0x30, 0x63, 0x30, 0x30, 0x30, 0x63, 
    0x30, 0x30, 0x30, 0x63, 0x30, 0x30, 0x30, 0x63, 0x30, 0x30, 0x30, 0x63, 
    0x30, 0x30, 0x30, 0x63, 0x30, 0x30, 0x30, 0x63, 0x30, 0x30, 0x30, 0x63, 
    0x30, 0x30, 0x30, 0x63, 0x2F, 0x2F, 0x2F, 0x63, 0x21, 0x21, 0x21, 0xC0, 
    0x00, 0x00, 0x00, 0xFF, 0x00, 0x00, 0x00, 0xFF, 0x00, 0x00, 0x00, 0xFF, 
    0x1F, 0x1F, 0x1F, 0xC5, 0x16, 0x16, 0x16, 0xFF, 0x00, 0x00, 0x00, 0xFF, 
    0x00, 0x00, 0x00, 0xFF, 0x06, 0x06, 0x06, 0xFF, 0x63, 0x63, 0x63, 0x24, 
    0x00, 0x00, 0x00, 0x00, 0x00, 0x00, 0x00, 0x00, 0x00, 0x00, 0x00, 0x00, 
    0x00, 0x00, 0x00, 0x00, 0x00, 0x00, 0x00, 0x00, 0x00, 0x00, 0x00, 0x00, 
    0x00, 0x00, 0x00, 0x00, 0x00, 0x00, 0x00, 0x00, 0x00, 0x00, 0x00, 0x00, 
    0x00, 0x00, 0x00, 0x00, 0x00, 0x00, 0x00, 0x00, 0x00, 0x00, 0x00, 0x00, 
    0x00, 0x00, 0x00, 0x00, 0x00, 0x00, 0x00, 0x00, 0x00, 0x00, 0x00, 0x00, 
    0x3B, 0x3B, 0x3B, 0x35, 0x01, 0x01, 0x01, 0xFF, 0x00, 0x00, 0x00, 0xFF, 
    0x00, 0x00, 0x00, 0xFF, 0x1D, 0x1D, 0x1D, 0xDC, 0x14, 0x14, 0x14, 0xFF, 
    0x00, 0x00, 0x00, 0xFF, 0x00, 0x00, 0x00, 0xFF, 0x07, 0x07, 0x07, 0xFE, 
    0x6B, 0x6B, 0x6B, 0x21, 0x00, 0x00, 0x00, 0x00, 0x00, 0x00, 0x00, 0x00, 
    0x00, 0x00, 0x00, 0x00, 0x00, 0x00, 0x00, 0x00, 0x00, 0x00, 0x00, 0x00, 
    0x00, 0x00, 0x00, 0x00, 0x00, 0x00, 0x00, 0x00, 0x00, 0x00, 0x00, 0x00, 
    0x00, 0x00, 0x00, 0x00, 0x00, 0x00, 0x00, 0x00, 0x00, 0x00, 0x00, 0x00, 
    0x00, 0x00, 0x00, 0x00, 0x00, 0x00, 0x00, 0x00, 0x00, 0x00, 0x00, 0x00, 
    0x00, 0x00, 0x00, 0x00, 0x33, 0x33, 0x33, 0x2B, 0x01, 0x01, 0x01, 0xFF, 
    0x00, 0x00, 0x00, 0xFF, 0x00, 0x00, 0x00, 0xFF, 0x21, 0x21, 0x21, 0xE0, 
    0x14, 0x14, 0x14, 0xFF, 0x00, 0x00, 0x00, 0xFF, 0x00, 0x00, 0x00, 0xFF, 
    0x07, 0x07, 0x07, 0xFE, 0x6B, 0x6B, 0x6B, 0x21, 0x00, 0x00, 0x00, 0x00, 
    0x00, 0x00, 0x00, 0x00, 0x00, 0x00, 0x00, 0x00, 0x00, 0x00, 0x00, 0x00, 
    0x00, 0x00, 0x00, 0x00, 0x00, 0x00, 0x00, 0x00, 0x00, 0x00, 0x00, 0x00, 
    0x00, 0x00, 0x00, 0x00, 0x00, 0x00, 0x00, 0x00, 0x00, 0x00, 0x00, 0x00, 
    0x00, 0x00, 0x00, 0x00, 0x00, 0x00, 0x00, 0x00, 0x00, 0x00, 0x00, 0x00, 
    0x00, 0x00, 0x00, 0x00, 0x00, 0x00, 0x00, 0x00, 0x33, 0x33, 0x33, 0x2B, 
    0x01, 0x01, 0x01, 0xFF, 0x00, 0x00, 0x00, 0xFF, 0x00, 0x00, 0x00, 0xFF, 
    0x21, 0x21, 0x21, 0xE0, 0x14, 0x14, 0x14, 0xFF, 0x00, 0x00, 0x00, 0xFF, 
    0x00, 0x00, 0x00, 0xFF, 0x07, 0x07, 0x07, 0xFE, 0x6B, 0x6B, 0x6B, 0x21, 
    0x00, 0x00, 0x00, 0x00, 0x00, 0x00, 0x00, 0x00, 0x00, 0x00, 0x00, 0x00, 
    0x00, 0x00, 0x00, 0x00, 0x00, 0x00, 0x00, 0x00, 0x00, 0x00, 0x00, 0x00, 
    0x00, 0x00, 0x00, 0x00, 0x00, 0x00, 0x00, 0x00, 0x00, 0x00, 0x00, 0x00, 
    0x00, 0x00, 0x00, 0x00, 0x00, 0x00, 0x00, 0x00, 0x00, 0x00, 0x00, 0x00, 
    0x00, 0x00, 0x00, 0x00, 0x00, 0x00, 0x00, 0x00, 0x00, 0x00, 0x00, 0x00, 
    0x33, 0x33, 0x33, 0x2B, 0x01, 0x01, 0x01, 0xFF, 0x00, 0x00, 0x00, 0xFF, 
    0x00, 0x00, 0x00, 0xFF, 0x21, 0x21, 0x21, 0xE0, 0x14, 0x14, 0x14, 0xFF, 
    0x00, 0x00, 0x00, 0xFF, 0x00, 0x00, 0x00, 0xFF, 0x07, 0x07, 0x07, 0xFE, 
    0x6B, 0x6B, 0x6B, 0x21, 0x00, 0x00, 0x00, 0x00, 0x00, 0x00, 0x00, 0x00, 
    0x00, 0x00, 0x00, 0x00, 0x00, 0x00, 0x00, 0x00, 0x00, 0x00, 0x00, 0x00, 
    0x00, 0x00, 0x00, 0x00, 0x00, 0x00, 0x00, 0x00, 0x00, 0x00, 0x00, 0x00, 
    0x00, 0x00, 0x00, 0x00, 0x00, 0x00, 0x00, 0x00, 0x00, 0x00, 0x00, 0x00, 
    0x00, 0x00, 0x00, 0x00, 0x00, 0x00, 0x00, 0x00, 0x00, 0x00, 0x00, 0x00, 
    0x00, 0x00, 0x00, 0x00, 0x33, 0x33, 0x33, 0x2B, 0x01, 0x01, 0x01, 0xFF, 
    0x00, 0x00, 0x00, 0xFF, 0x00, 0x00, 0x00, 0xFF, 0x21, 0x21, 0x21, 0xE0, 
    0x14, 0x14, 0x14, 0xFF, 0x00, 0x00, 0x00, 0xFF, 0x00, 0x00, 0x00, 0xFF, 
    0x07, 0x07, 0x07, 0xFE, 0x6B, 0x6B, 0x6B, 0x21, 0x00, 0x00, 0x00, 0x00, 
    0x00, 0x00, 0x00, 0x00, 0x00, 0x00, 0x00, 0x00, 0x00, 0x00, 0x00, 0x00, 
    0x00, 0x00, 0x00, 0x00, 0x00, 0x00, 0x00, 0x00, 0x00, 0x00, 0x00, 0x00, 
    0x00, 0x00, 0x00, 0x00, 0x00, 0x00, 0x00, 0x00, 0x00, 0x00, 0x00, 0x00, 
    0x00, 0x00, 0x00, 0x00, 0x00, 0x00, 0x00, 0x00, 0x00, 0x00, 0x00, 0x00, 
    0x00, 0x00, 0x00, 0x00, 0x00, 0x00, 0x00, 0x00, 0x33, 0x33, 0x33, 0x2B, 
    0x01, 0x01, 0x01, 0xFF, 0x00, 0x00, 0x00, 0xFF, 0x00, 0x00, 0x00, 0xFF, 
    0x21, 0x21, 0x21, 0xE0, 0x14, 0x14, 0x14, 0xFF, 0x00, 0x00, 0x00, 0xFF, 
    0x00, 0x00, 0x00, 0xFF, 0x07, 0x07, 0x07, 0xFE, 0x6B, 0x6B, 0x6B, 0x21, 
    0x00, 0x00, 0x00, 0x00, 0x00, 0x00, 0x00, 0x00, 0x00, 0x00, 0x00, 0x00, 
    0x00, 0x00, 0x00, 0x00, 0x00, 0x00, 0x00, 0x00, 0x00, 0x00, 0x00, 0x00, 
    0x00, 0x00, 0x00, 0x00, 0x00, 0x00, 0x00, 0x00, 0x00, 0x00, 0x00, 0x00, 
    0x00, 0x00, 0x00, 0x00, 0x00, 0x00, 0x00, 0x00, 0x00, 0x00, 0x00, 0x00, 
    0x00, 0x00, 0x00, 0x00, 0x00, 0x00, 0x00, 0x00, 0x00, 0x00, 0x00, 0x00, 
    0x33, 0x33, 0x33, 0x2B, 0x01, 0x01, 0x01, 0xFF, 0x00, 0x00, 0x00, 0xFF, 
    0x00, 0x00, 0x00, 0xFF, 0x21, 0x21, 0x21, 0xE0, 0x14, 0x14, 0x14, 0xFF, 
    0x00, 0x00, 0x00, 0xFF, 0x00, 0x00, 0x00, 0xFF, 0x07, 0x07, 0x07, 0xFE, 
    0x6B, 0x6B, 0x6B, 0x21, 0x00, 0x00, 0x00, 0x00, 0x00, 0x00, 0x00, 0x00, 
    0x00, 0x00, 0x00, 0x00, 0x00, 0x00, 0x00, 0x00, 0x00, 0x00, 0x00, 0x00, 
    0x00, 0x00, 0x00, 0x00, 0x00, 0x00, 0x00, 0x00, 0x00, 0x00, 0x00, 0x00, 
    0x00, 0x00, 0x00, 0x00, 0x00, 0x00, 0x00, 0x00, 0x00, 0x00, 0x00, 0x00, 
    0x00, 0x00, 0x00, 0x00, 0x00, 0x00, 0x00, 0x00, 0x00, 0x00, 0x00, 0x00, 
    0x00, 0x00, 0x00, 0x00, 0x33, 0x33, 0x33, 0x2B, 0x01, 0x01, 0x01, 0xFF, 
    0x00, 0x00, 0x00, 0xFF, 0x00, 0x00, 0x00, 0xFF, 0x21, 0x21, 0x21, 0xE0, 
    0x14, 0x14, 0x14, 0xFF, 0x00, 0x00, 0x00, 0xFF, 0x00, 0x00, 0x00, 0xFF, 
    0x07, 0x07, 0x07, 0xFE, 0x6B, 0x6B, 0x6B, 0x21, 0x00, 0x00, 0x00, 0x00, 
    0x00, 0x00, 0x00, 0x00, 0x00, 0x00, 0x00, 0x00, 0x00, 0x00, 0x00, 0x00, 
    0x00, 0x00, 0x00, 0x00, 0x00, 0x00, 0x00, 0x00, 0x00, 0x00, 0x00, 0x00, 
    0x00, 0x00, 0x00, 0x00, 0x00, 0x00, 0x00, 0x00, 0x00, 0x00, 0x00, 0x00, 
    0x00, 0x00, 0x00, 0x00, 0x00, 0x00, 0x00, 0x00, 0x00, 0x00, 0x00, 0x00, 
    0x00, 0x00, 0x00, 0x00, 0x00, 0x00, 0x00, 0x00, 0x33, 0x33, 0x33, 0x2B, 
    0x01, 0x01, 0x01, 0xFF, 0x00, 0x00, 0x00, 0xFF, 0x00, 0x00, 0x00, 0xFF, 
    0x21, 0x21, 0x21, 0xE0, 0x14, 0x14, 0x14, 0xFF, 0x00, 0x00, 0x00, 0xFF, 
    0x00, 0x00, 0x00, 0xFF, 0x07, 0x07, 0x07, 0xFE, 0x6B, 0x6B, 0x6B, 0x21, 
    0x00, 0x00, 0x00, 0x00, 0x00, 0x00, 0x00, 0x00, 0x00, 0x00, 0x00, 0x00, 
    0x00, 0x00, 0x00, 0x00, 0x00, 0x00, 0x00, 0x00, 0x00, 0x00, 0x00, 0x00, 
    0x00, 0x00, 0x00, 0x00, 0x00, 0x00, 0x00, 0x00, 0x00, 0x00, 0x00, 0x00, 
    0x00, 0x00, 0x00, 0x00, 0x00, 0x00, 0x00, 0x00, 0x00, 0x00, 0x00, 0x00, 
    0x00, 0x00, 0x00, 0x00, 0x00, 0x00, 0x00, 0x00, 0x00, 0x00, 0x00, 0x00, 
    0x33, 0x33, 0x33, 0x2B, 0x01, 0x01, 0x01, 0xFF, 0x00, 0x00, 0x00, 0xFF, 
    0x00, 0x00, 0x00, 0xFF, 0x21, 0x21, 0x21, 0xE0, 0x14, 0x14, 0x14, 0xFF, 
    0x00, 0x00, 0x00, 0xFF, 0x00, 0x00, 0x00, 0xFF, 0x07, 0x07, 0x07, 0xFE, 
    0x6B, 0x6B, 0x6B, 0x21, 0x00, 0x00, 0x00, 0x00, 0x00, 0x00, 0x00, 0x00, 
    0x00, 0x00, 0x00, 0x00, 0x00, 0x00, 0x00, 0x00, 0x00, 0x00, 0x00, 0x00, 
    0x00, 0x00, 0x00, 0x00, 0x00, 0x00, 0x00, 0x00, 0x00, 0x00, 0x00, 0x00, 
    0x00, 0x00, 0x00, 0x00, 0x00, 0x00, 0x00, 0x00, 0x00, 0x00, 0x00, 0x00, 
    0x00, 0x00, 0x00, 0x00, 0x00, 0x00, 0x00, 0x00, 0x00, 0x00, 0x00, 0x00, 
    0x00, 0x00, 0x00, 0x00, 0x33, 0x33, 0x33, 0x2B, 0x01, 0x01, 0x01, 0xFF, 
    0x00, 0x00, 0x00, 0xFF, 0x00, 0x00, 0x00, 0xFF, 0x21, 0x21, 0x21, 0xE0, 
    0x14, 0x14, 0x14, 0xFF, 0x00, 0x00, 0x00, 0xFF, 0x00, 0x00, 0x00, 0xFF, 
    0x07, 0x07, 0x07, 0xFE, 0x6B, 0x6B, 0x6B, 0x21, 0x00, 0x00, 0x00, 0x00, 
    0x00, 0x00, 0x00, 0x00, 0x00, 0x00, 0x00, 0x00, 0x00, 0x00, 0x00, 0x00, 
    0x00, 0x00, 0x00, 0x00, 0x00, 0x00, 0x00, 0x00, 0x00, 0x00, 0x00, 0x00, 
    0x00, 0x00, 0x00, 0x00, 0x00, 0x00, 0x00, 0x00, 0x00, 0x00, 0x00, 0x00, 
    0x00, 0x00, 0x00, 0x00, 0x00, 0x00, 0x00, 0x00, 0x00, 0x00, 0x00, 0x00, 
    0x00, 0x00, 0x00, 0x00, 0x00, 0x00, 0x00, 0x00, 0x33, 0x33, 0x33, 0x2B, 
    0x01, 0x01, 0x01, 0xFF, 0x00, 0x00, 0x00, 0xFF, 0x00, 0x00, 0x00, 0xFF, 
    0x21, 0x21, 0x21, 0xE0, 0x14, 0x14, 0x14, 0xFF, 0x00, 0x00, 0x00, 0xFF, 
    0x00, 0x00, 0x00, 0xFF, 0x07, 0x07, 0x07, 0xFE, 0x6B, 0x6B, 0x6B, 0x21, 
    0x00, 0x00, 0x00, 0x00, 0x00, 0x00, 0x00, 0x00, 0x00, 0x00, 0x00, 0x00, 
    0x00, 0x00, 0x00, 0x00, 0x00, 0x00, 0x00, 0x00, 0x00, 0x00, 0x00, 0x00, 
    0x00, 0x00, 0x00, 0x00, 0x00, 0x00, 0x00, 0x00, 0x00, 0x00, 0x00, 0x00, 
    0x00, 0x00, 0x00, 0x00, 0x00, 0x00, 0x00, 0x00, 0x00, 0x00, 0x00, 0x00, 
    0x00, 0x00, 0x00, 0x00, 0x00, 0x00, 0x00, 0x00, 0x00, 0x00, 0x00, 0x00, 
    0x33, 0x33, 0x33, 0x2B, 0x01, 0x01, 0x01, 0xFF, 0x00, 0x00, 0x00, 0xFF, 
    0x00, 0x00, 0x00, 0xFF, 0x21, 0x21, 0x21, 0xE0, 0x14, 0x14, 0x14, 0xFF, 
    0x00, 0x00, 0x00, 0xFF, 0x00, 0x00, 0x00, 0xFF, 0x07, 0x07, 0x07, 0xFE, 
    0x6B, 0x6B, 0x6B, 0x21, 0x00, 0x00, 0x00, 0x00, 0x00, 0x00, 0x00, 0x00, 
    0x00, 0x00, 0x00, 0x00, 0x00, 0x00, 0x00, 0x00, 0x00, 0x00, 0x00, 0x00, 
    0x00, 0x00, 0x00, 0x00, 0x00, 0x00, 0x00, 0x00, 0x00, 0x00, 0x00, 0x00, 
    0x00, 0x00, 0x00, 0x00, 0x00, 0x00, 0x00, 0x00, 0x00, 0x00, 0x00, 0x00, 
    0x00, 0x00, 0x00, 0x00, 0x00, 0x00, 0x00, 0x00, 0x00, 0x00, 0x00, 0x00, 
    0x00, 0x00, 0x00, 0x00, 0x33, 0x33, 0x33, 0x2B, 0x01, 0x01, 0x01, 0xFF, 
    0x00, 0x00, 0x00, 0xFF, 0x00, 0x00, 0x00, 0xFF, 0x21, 0x21, 0x21, 0xE0, 
    0x14, 0x14, 0x14, 0xFF, 0x00, 0x00, 0x00, 0xFF, 0x00, 0x00, 0x00, 0xFF, 
    0x07, 0x07, 0x07, 0xFE, 0x6B, 0x6B, 0x6B, 0x21, 0x00, 0x00, 0x00, 0x00, 
    0x00, 0x00, 0x00, 0x00, 0x00, 0x00, 0x00, 0x00, 0x00, 0x00, 0x00, 0x00, 
    0x00, 0x00, 0x00, 0x00, 0x00, 0x00, 0x00, 0x00, 0x00, 0x00, 0x00, 0x00, 
    0x00, 0x00, 0x00, 0x00, 0x00, 0x00, 0x00, 0x00, 0x00, 0x00, 0x00, 0x00, 
    0x00, 0x00, 0x00, 0x00, 0x00, 0x00, 0x00, 0x00, 0x00, 0x00, 0x00, 0x00, 
    0x00, 0x00, 0x00, 0x00, 0x00, 0x00, 0x00, 0x00, 0x33, 0x33, 0x33, 0x2B, 
    0x01, 0x01, 0x01, 0xFF, 0x00, 0x00, 0x00, 0xFF, 0x00, 0x00, 0x00, 0xFF, 
    0x21, 0x21, 0x21, 0xE0, 0x14, 0x14, 0x14, 0xFF, 0x00, 0x00, 0x00, 0xFF, 
    0x00, 0x00, 0x00, 0xFF, 0x07, 0x07, 0x07, 0xFE, 0x6B, 0x6B, 0x6B, 0x21, 
    0x00, 0x00, 0x00, 0x00, 0x00, 0x00, 0x00, 0x00, 0x00, 0x00, 0x00, 0x00, 
    0x00, 0x00, 0x00, 0x00, 0x00, 0x00, 0x00, 0x00, 0x00, 0x00, 0x00, 0x00, 
    0x00, 0x00, 0x00, 0x00, 0x00, 0x00, 0x00, 0x00, 0x00, 0x00, 0x00, 0x00, 
    0x00, 0x00, 0x00, 0x00, 0x00, 0x00, 0x00, 0x00, 0x00, 0x00, 0x00, 0x00, 
    0x00, 0x00, 0x00, 0x00, 0x00, 0x00, 0x00, 0x00, 0x00, 0x00, 0x00, 0x00, 
    0x33, 0x33, 0x33, 0x2B, 0x01, 0x01, 0x01, 0xFF, 0x00, 0x00, 0x00, 0xFF, 
    0x00, 0x00, 0x00, 0xFF, 0x21, 0x21, 0x21, 0xE0, 0x14, 0x14, 0x14, 0xFF, 
    0x00, 0x00, 0x00, 0xFF, 0x00, 0x00, 0x00, 0xFF, 0x07, 0x07, 0x07, 0xFE, 
    0x6B, 0x6B, 0x6B, 0x21, 0x00, 0x00, 0x00, 0x00, 0x00, 0x00, 0x00, 0x00, 
    0x00, 0x00, 0x00, 0x00, 0x00, 0x00, 0x00, 0x00, 0x00, 0x00, 0x00, 0x00, 
    0x00, 0x00, 0x00, 0x00, 0x00, 0x00, 0x00, 0x00, 0x00, 0x00, 0x00, 0x00, 
    0x00, 0x00, 0x00, 0x00, 0x00, 0x00, 0x00, 0x00, 0x00, 0x00, 0x00, 0x00, 
    0x00, 0x00, 0x00, 0x00, 0x00, 0x00, 0x00, 0x00, 0x00, 0x00, 0x00, 0x00, 
    0x00, 0x00, 0x00, 0x00, 0x33, 0x33, 0x33, 0x2B, 0x01, 0x01, 0x01, 0xFF, 
    0x00, 0x00, 0x00, 0xFF, 0x00, 0x00, 0x00, 0xFF, 0x21, 0x21, 0x21, 0xE0, 
    0x14, 0x14, 0x14, 0xFF, 0x00, 0x00, 0x00, 0xFF, 0x00, 0x00, 0x00, 0xFF, 
    0x07, 0x07, 0x07, 0xFE, 0x6B, 0x6B, 0x6B, 0x21, 0x00, 0x00, 0x00, 0x00, 
    0x00, 0x00, 0x00, 0x00, 0x00, 0x00, 0x00, 0x00, 0x00, 0x00, 0x00, 0x00, 
    0x00, 0x00, 0x00, 0x00, 0x00, 0x00, 0x00, 0x00, 0x00, 0x00, 0x00, 0x00, 
    0x00, 0x00, 0x00, 0x00, 0x00, 0x00, 0x00, 0x00, 0x00, 0x00, 0x00, 0x00, 
    0x00, 0x00, 0x00, 0x00, 0x00, 0x00, 0x00, 0x00, 0x00, 0x00, 0x00, 0x00, 
    0x00, 0x00, 0x00, 0x00, 0x00, 0x00, 0x00, 0x00, 0x33, 0x33, 0x33, 0x2B, 
    0x01, 0x01, 0x01, 0xFF, 0x00, 0x00, 0x00, 0xFF, 0x00, 0x00, 0x00, 0xFF, 
    0x21, 0x21, 0x21, 0xE0, 0x14, 0x14, 0x14, 0xFF, 0x00, 0x00, 0x00, 0xFF, 
    0x00, 0x00, 0x00, 0xFF, 0x07, 0x07, 0x07, 0xFE, 0x6B, 0x6B, 0x6B, 0x21, 
    0x00, 0x00, 0x00, 0x00, 0x00, 0x00, 0x00, 0x00, 0x00, 0x00, 0x00, 0x00, 
    0x00, 0x00, 0x00, 0x00, 0x00, 0x00, 0x00, 0x00, 0x00, 0x00, 0x00, 0x00, 
    0x00, 0x00, 0x00, 0x00, 0x00, 0x00, 0x00, 0x00, 0x00, 0x00, 0x00, 0x00, 
    0x00, 0x00, 0x00, 0x00, 0x00, 0x00, 0x00, 0x00, 0x00, 0x00, 0x00, 0x00, 
    0x00, 0x00, 0x00, 0x00, 0x00, 0x00, 0x00, 0x00, 0x00, 0x00, 0x00, 0x00, 
    0x33, 0x33, 0x33, 0x2B, 0x01, 0x01, 0x01, 0xFF, 0x00, 0x00, 0x00, 0xFF, 
    0x00, 0x00, 0x00, 0xFF, 0x21, 0x21, 0x21, 0xE0, 0x14, 0x14, 0x14, 0xFF, 
    0x00, 0x00, 0x00, 0xFF, 0x00, 0x00, 0x00, 0xFF, 0x07, 0x07, 0x07, 0xFE, 
    0x6B, 0x6B, 0x6B, 0x21, 0x00, 0x00, 0x00, 0x00, 0x00, 0x00, 0x00, 0x00, 
    0x00, 0x00, 0x00, 0x00, 0x00, 0x00, 0x00, 0x00, 0x00, 0x00, 0x00, 0x00, 
    0x00, 0x00, 0x00, 0x00, 0x00, 0x00, 0x00, 0x00, 0x00, 0x00, 0x00, 0x00, 
    0x00, 0x00, 0x00, 0x00, 0x00, 0x00, 0x00, 0x00, 0x00, 0x00, 0x00, 0x00, 
    0x00, 0x00, 0x00, 0x00, 0x00, 0x00, 0x00, 0x00, 0x00, 0x00, 0x00, 0x00, 
    0x00, 0x00, 0x00, 0x00, 0x33, 0x33, 0x33, 0x2B, 0x01, 0x01, 0x01, 0xFF, 
    0x00, 0x00, 0x00, 0xFF, 0x00, 0x00, 0x00, 0xFF, 0x21, 0x21, 0x21, 0xE0, 
    0x14, 0x14, 0x14, 0xFF, 0x00, 0x00, 0x00, 0xFF, 0x00, 0x00, 0x00, 0xFF, 
    0x07, 0x07, 0x07, 0xFE, 0x6B, 0x6B, 0x6B, 0x21, 0x00, 0x00, 0x00, 0x00, 
    0x00, 0x00, 0x00, 0x00, 0x00, 0x00, 0x00, 0x00, 0x00, 0x00, 0x00, 0x00, 
    0x00, 0x00, 0x00, 0x00, 0x00, 0x00, 0x00, 0x00, 0x00, 0x00, 0x00, 0x00, 
    0x00, 0x00, 0x00, 0x00, 0x00, 0x00, 0x00, 0x00, 0x00, 0x00, 0x00, 0x00, 
    0x00, 0x00, 0x00, 0x00, 0x00, 0x00, 0x00, 0x00, 0x00, 0x00, 0x00, 0x00, 
    0x00, 0x00, 0x00, 0x00, 0x00, 0x00, 0x00, 0x00, 0x33, 0x33, 0x33, 0x2B, 
    0x01, 0x01, 0x01, 0xFF, 0x00, 0x00, 0x00, 0xFF, 0x00, 0x00, 0x00, 0xFF, 
    0x21, 0x21, 0x21, 0xE0, 0x14, 0x14, 0x14, 0xFF, 0x00, 0x00, 0x00, 0xFF, 
    0x00, 0x00, 0x00, 0xFF, 0x07, 0x07, 0x07, 0xFE, 0x6B, 0x6B, 0x6B, 0x21, 
    0x00, 0x00, 0x00, 0x00, 0x00, 0x00, 0x00, 0x00, 0x00, 0x00, 0x00, 0x00, 
    0x00, 0x00, 0x00, 0x00, 0x00, 0x00, 0x00, 0x00, 0x00, 0x00, 0x00, 0x00, 
    0x00, 0x00, 0x00, 0x00, 0x00, 0x00, 0x00, 0x00, 0x00, 0x00, 0x00, 0x00, 
    0x00, 0x00, 0x00, 0x00, 0x00, 0x00, 0x00, 0x00, 0x00, 0x00, 0x00, 0x00, 
    0x00, 0x00, 0x00, 0x00, 0x00, 0x00, 0x00, 0x00, 0x00, 0x00, 0x00, 0x00, 
    0x33, 0x33, 0x33, 0x2B, 0x01, 0x01, 0x01, 0xFF, 0x00, 0x00, 0x00, 0xFF, 
    0x00, 0x00, 0x00, 0xFF, 0x21, 0x21, 0x21, 0xE0, 0x14, 0x14, 0x14, 0xFF, 
    0x00, 0x00, 0x00, 0xFF, 0x00, 0x00, 0x00, 0xFF, 0x07, 0x07, 0x07, 0xFE, 
    0x6B, 0x6B, 0x6B, 0x21, 0x00, 0x00, 0x00, 0x00, 0x00, 0x00, 0x00, 0x00, 
    0x00, 0x00, 0x00, 0x00, 0x00, 0x00, 0x00, 0x00, 0x00, 0x00, 0x00, 0x00, 
    0x00, 0x00, 0x00, 0x00, 0x00, 0x00, 0x00, 0x00, 0x00, 0x00, 0x00, 0x00, 
    0x00, 0x00, 0x00, 0x00, 0x00, 0x00, 0x00, 0x00, 0x00, 0x00, 0x00, 0x00, 
    0x00, 0x00, 0x00, 0x00, 0x00, 0x00, 0x00, 0x00, 0x00, 0x00, 0x00, 0x00, 
    0x00, 0x00, 0x00, 0x00, 0x33, 0x33, 0x33, 0x2B, 0x01, 0x01, 0x01, 0xFF, 
    0x00, 0x00, 0x00, 0xFF, 0x00, 0x00, 0x00, 0xFF, 0x21, 0x21, 0x21, 0xE0, 
    0x14, 0x14, 0x14, 0xFF, 0x00, 0x00, 0x00, 0xFF, 0x00, 0x00, 0x00, 0xFF, 
    0x07, 0x07, 0x07, 0xFE, 0x6B, 0x6B, 0x6B, 0x21, 0x00, 0x00, 0x00, 0x00, 
    0x00, 0x00, 0x00, 0x00, 0x00, 0x00, 0x00, 0x00, 0x00, 0x00, 0x00, 0x00, 
    0x00, 0x00, 0x00, 0x00, 0x00, 0x00, 0x00, 0x00, 0x00, 0x00, 0x00, 0x00, 
    0x00, 0x00, 0x00, 0x00, 0x00, 0x00, 0x00, 0x00, 0x00, 0x00, 0x00, 0x00, 
    0x00, 0x00, 0x00, 0x00, 0x00, 0x00, 0x00, 0x00, 0x00, 0x00, 0x00, 0x00, 
    0x00, 0x00, 0x00, 0x00, 0x00, 0x00, 0x00, 0x00, 0x33, 0x33, 0x33, 0x2B, 
    0x01, 0x01, 0x01, 0xFF, 0x00, 0x00, 0x00, 0xFF, 0x00, 0x00, 0x00, 0xFF, 
    0x21, 0x21, 0x21, 0xE0, 0x14, 0x14, 0x14, 0xFF, 0x00, 0x00, 0x00, 0xFF, 
    0x00, 0x00, 0x00, 0xFF, 0x07, 0x07, 0x07, 0xFE, 0x6B, 0x6B, 0x6B, 0x21, 
    0x00, 0x00, 0x00, 0x00, 0x00, 0x00, 0x00, 0x00, 0x00, 0x00, 0x00, 0x00, 
    0x00, 0x00, 0x00, 0x00, 0x00, 0x00, 0x00, 0x00, 0x00, 0x00, 0x00, 0x00, 
    0x00, 0x00, 0x00, 0x00, 0x00, 0x00, 0x00, 0x00, 0x00, 0x00, 0x00, 0x00, 
    0x00, 0x00, 0x00, 0x00, 0x00, 0x00, 0x00, 0x00, 0x00, 0x00, 0x00, 0x00, 
    0x00, 0x00, 0x00, 0x00, 0x00, 0x00, 0x00, 0x00, 0x00, 0x00, 0x00, 0x00, 
    0x33, 0x33, 0x33, 0x2B, 0x01, 0x01, 0x01, 0xFF, 0x00, 0x00, 0x00, 0xFF, 
    0x00, 0x00, 0x00, 0xFF, 0x21, 0x21, 0x21, 0xE0, 0x14, 0x14, 0x14, 0xFF, 
    0x00, 0x00, 0x00, 0xFF, 0x00, 0x00, 0x00, 0xFF, 0x07, 0x07, 0x07, 0xFE, 
    0x6B, 0x6B, 0x6B, 0x21, 0x00, 0x00, 0x00, 0x00, 0x00, 0x00, 0x00, 0x00, 
    0x00, 0x00, 0x00, 0x00, 0x00, 0x00, 0x00, 0x00, 0x00, 0x00, 0x00, 0x00, 
    0x00, 0x00, 0x00, 0x00, 0x00, 0x00, 0x00, 0x00, 0x00, 0x00, 0x00, 0x00, 
    0x00, 0x00, 0x00, 0x00, 0x00, 0x00, 0x00, 0x00, 0x00, 0x00, 0x00, 0x00, 
    0x00, 0x00, 0x00, 0x00, 0x00, 0x00, 0x00, 0x00, 0x00, 0x00, 0x00, 0x00, 
    0x00, 0x00, 0x00, 0x00, 0x33, 0x33, 0x33, 0x2B, 0x01, 0x01, 0x01, 0xFF, 
    0x00, 0x00, 0x00, 0xFF, 0x00, 0x00, 0x00, 0xFF, 0x21, 0x21, 0x21, 0xE0, 
    0x14, 0x14, 0x14, 0xFF, 0x00, 0x00, 0x00, 0xFF, 0x00, 0x00, 0x00, 0xFF, 
    0x07, 0x07, 0x07, 0xFE, 0x6B, 0x6B, 0x6B, 0x21, 0x00, 0x00, 0x00, 0x00, 
    0x00, 0x00, 0x00, 0x00, 0x00, 0x00, 0x00, 0x00, 0x00, 0x00, 0x00, 0x00, 
    0x00, 0x00, 0x00, 0x00, 0x00, 0x00, 0x00, 0x00, 0x00, 0x00, 0x00, 0x00, 
    0x00, 0x00, 0x00, 0x00, 0x00, 0x00, 0x00, 0x00, 0x00, 0x00, 0x00, 0x00, 
    0x00, 0x00, 0x00, 0x00, 0x00, 0x00, 0x00, 0x00, 0x00, 0x00, 0x00, 0x00, 
    0x00, 0x00, 0x00, 0x00, 0x00, 0x00, 0x00, 0x00, 0x33, 0x33, 0x33, 0x2B, 
    0x01, 0x01, 0x01, 0xFF, 0x00, 0x00, 0x00, 0xFF, 0x00, 0x00, 0x00, 0xFF, 
    0x21, 0x21, 0x21, 0xE0, 0x14, 0x14, 0x14, 0xFF, 0x00, 0x00, 0x00, 0xFF, 
    0x00, 0x00, 0x00, 0xFF, 0x07, 0x07, 0x07, 0xFF, 0x69, 0x69, 0x69, 0x22, 
    0x00, 0x00, 0x00, 0x00, 0x00, 0x00, 0x00, 0x00, 0x00, 0x00, 0x00, 0x00, 
    0x00, 0x00, 0x00, 0x00, 0x00, 0x00, 0x00, 0x00, 0x00, 0x00, 0x00, 0x00, 
    0x00, 0x00, 0x00, 0x00, 0x00, 0x00, 0x00, 0x00, 0x00, 0x00, 0x00, 0x00, 
    0x00, 0x00, 0x00, 0x00, 0x00, 0x00, 0x00, 0x00, 0x00, 0x00, 0x00, 0x00, 
    0x00, 0x00, 0x00, 0x00, 0x00, 0x00, 0x00, 0x00, 0x00, 0x00, 0x00, 0x00, 
    0x36, 0x36, 0x36, 0x2D, 0x01, 0x01, 0x01, 0xFF, 0x00, 0x00, 0x00, 0xFF, 
    0x00, 0x00, 0x00, 0xFF, 0x20, 0x20, 0x20, 0xDF, 0x20, 0x20, 0x20, 0xF9, 
    0x00, 0x00, 0x00, 0xFF, 0x00, 0x00, 0x00, 0xFF, 0x01, 0x01, 0x01, 0xFF, 
    0x32, 0x32, 0x32, 0x80, 0x55, 0x55, 0x55, 0x33, 0x57, 0x57, 0x57, 0x33, 
    0x57, 0x57, 0x57, 0x33, 0x57, 0x57, 0x57, 0x33, 0x57, 0x57, 0x57, 0x33, 
    0x57, 0x57, 0x57, 0x33, 0x57, 0x57, 0x57, 0x33, 0x57, 0x57, 0x57, 0x33, 
    0x57, 0x57, 0x57, 0x33, 0x57, 0x57, 0x57, 0x33, 0x57, 0x57, 0x57, 0x33, 
    0x57, 0x57, 0x57, 0x33, 0x57, 0x57, 0x57, 0x33, 0x57, 0x57, 0x57, 0x33, 
    0x50, 0x50, 0x50, 0x33, 0x2C, 0x2C, 0x2C, 0xA1, 0x00, 0x00, 0x00, 0xFF, 
    0x00, 0x00, 0x00, 0xFF, 0x00, 0x00, 0x00, 0xFF, 0x1D, 0x1D, 0x1D, 0xCF, 
    0x24, 0x24, 0x24, 0xB5, 0x00, 0x00, 0x00, 0xFF, 0x00, 0x00, 0x00, 0xFF, 
    0x00, 0x00, 0x00, 0xFF, 0x00, 0x00, 0x00, 0xFF, 0x01, 0x01, 0x01, 0xFF, 
    0x01, 0x01, 0x01, 0xFF, 0x01, 0x01, 0x01, 0xFF, 0x01, 0x01, 0x01, 0xFF, 
    0x01, 0x01, 0x01, 0xFF, 0x01, 0x01, 0x01, 0xFF, 0x01, 0x01, 0x01, 0xFF, 
    0x01, 0x01, 0x01, 0xFF, 0x01, 0x01, 0x01, 0xFF, 0x01, 0x01, 0x01, 0xFF, 
    0x01, 0x01, 0x01, 0xFF, 0x01, 0x01, 0x01, 0xFF, 0x01, 0x01, 0x01, 0xFF, 
    0x01, 0x01, 0x01, 0xFF, 0x01, 0x01, 0x01, 0xFF, 0x00, 0x00, 0x00, 0xFF, 
    0x00, 0x00, 0x00, 0xFF, 0x00, 0x00, 0x00, 0xFF, 0x00, 0x00, 0x00, 0xFF, 
    0x27, 0x27, 0x27, 0x90, 0x39, 0x39, 0x39, 0x41, 0x09, 0x09, 0x09, 0xFE, 
    0x00, 0x00, 0x00, 0xFF, 0x00, 0x00, 0x00, 0xFF, 0x00, 0x00, 0x00, 0xFF, 
    0x00, 0x00, 0x00, 0xFF, 0x00, 0x00, 0x00, 0xFF, 0x00, 0x00, 0x00, 0xFF, 
    0x00, 0x00, 0x00, 0xFF, 0x00, 0x00, 0x00, 0xFF, 0x00, 0x00, 0x00, 0xFF, 
    0x00, 0x00, 0x00, 0xFF, 0x00, 0x00, 0x00, 0xFF, 0x00, 0x00, 0x00, 0xFF, 
    0x00, 0x00, 0x00, 0xFF, 0x00, 0x00, 0x00, 0xFF, 0x00, 0x00, 0x00, 0xFF, 
    0x00, 0x00, 0x00, 0xFF, 0x00, 0x00, 0x00, 0xFF, 0x00, 0x00, 0x00, 0xFF, 
    0x00, 0x00, 0x00, 0xFF, 0x00, 0x00, 0x00, 0xFF, 0x00, 0x00, 0x00, 0xFF, 
    0x12, 0x12, 0x12, 0xF5, 0x41, 0x41, 0x41, 0x21, 0x00, 0x00, 0x00, 0x00, 
    0x26, 0x26, 0x26, 0x68, 0x0C, 0x0C, 0x0C, 0xFE, 0x00, 0x00, 0x00, 0xFF, 
    0x00, 0x00, 0x00, 0xFF, 0x00, 0x00, 0x00, 0xFF, 0x00, 0x00, 0x00, 0xFF, 
    0x00, 0x00, 0x00, 0xFF, 0x00, 0x00, 0x00, 0xFF, 0x00, 0x00, 0x00, 0xFF, 
    0x00, 0x00, 0x00, 0xFF, 0x00, 0x00, 0x00, 0xFF, 0x00, 0x00, 0x00, 0xFF, 
    0x00, 0x00, 0x00, 0xFF, 0x00, 0x00, 0x00, 0xFF, 0x00, 0x00, 0x00, 0xFF, 
    0x00, 0x00, 0x00, 0xFF, 0x00, 0x00, 0x00, 0xFF, 0x00, 0x00, 0x00, 0xFF, 
    0x00, 0x00, 0x00, 0xFF, 0x00, 0x00, 0x00, 0xFF, 0x00, 0x00, 0x00, 0xFF, 
    0x0F, 0x0F, 0x0F, 0xF6, 0x2F, 0x2F, 0x2F, 0x4A, 0x00, 0x00, 0x00, 0x00, 
    0x00, 0x00, 0x00, 0x00, 0x00, 0x00, 0x00, 0x00, 0x3B, 0x3B, 0x3B, 0x3D, 
    0x25, 0x25, 0x25, 0xB7, 0x1F, 0x1F, 0x1F, 0xF4, 0x1B, 0x1B, 0x1B, 0xFF, 
    0x1B, 0x1B, 0x1B, 0xFF, 0x1B, 0x1B, 0x1B, 0xFF, 0x1B, 0x1B, 0x1B, 0xFF, 
    0x1B, 0x1B, 0x1B, 0xFF, 0x1B, 0x1B, 0x1B, 0xFF, 0x1B, 0x1B, 0x1B, 0xFF, 
    0x1B, 0x1B, 0x1B, 0xFF, 0x1B, 0x1B, 0x1B, 0xFF, 0x1B, 0x1B, 0x1B, 0xFF, 
    0x1B, 0x1B, 0x1B, 0xFF, 0x1B, 0x1B, 0x1B, 0xFF, 0x1B, 0x1B, 0x1B, 0xFF, 
    0x1B, 0x1B, 0x1B, 0xFF, 0x1C, 0x1C, 0x1C, 0xFF, 0x1F, 0x1F, 0x1F, 0xE8, 
    0x28, 0x28, 0x28, 0xA4, 0x3D, 0x3D, 0x3D, 0x29, 0x00, 0x00, 0x00, 0x00, 
    0x00, 0x00, 0x00, 0x00, 
};
static const unsigned int BatEmptyImage_len = 4000;
//--------------------------------
// BatFullImage --------------------------------
#define BatFullImage_W 25
#define BatFullImage_H 39

static const unsigned char BatFullImage[] = {
    0x00, 0x00, 0x00, 0x00, 0x00, 0x00, 0x00, 0x00, 0x00, 0x00, 0x00, 0x00, 
    0x00, 0x00, 0x00, 0x00, 0x00, 0x00, 0x00, 0x00, 0x00, 0x00, 0x00, 0x00, 
    0x00, 0x00, 0x00, 0x00, 0x00, 0x00, 0x00, 0x00, 0x47, 0x4D, 0x5A, 0x04, 
    0x18, 0x1E, 0x29, 0x7E, 0x0C, 0x0E, 0x12, 0xBF, 0x16, 0x18, 0x1D, 0xB4, 
    0x16, 0x18, 0x1D, 0xB4, 0x16, 0x18, 0x1D, 0xB4, 0x10, 0x12, 0x16, 0xBA, 
    0x20, 0x25, 0x30, 0x87, 0x4E, 0x5C, 0x73, 0x07, 0x00, 0x00, 0x00, 0x00, 
    0x00, 0x00, 0x00, 0x00, 0x00, 0x00, 0x00, 0x00, 0x00, 0x00, 0x00, 0x00, 
    0x00, 0x00, 0x00, 0x00, 0x00, 0x00, 0x00, 0x00, 0x00, 0x00, 0x00, 0x00, 
    0x00, 0x00, 0x00, 0x00, 0x00, 0x00, 0x00, 0x00, 0x00, 0x00, 0x00, 0x00, 
    0x00, 0x00, 0x00, 0x00, 0x00, 0x00, 0x00, 0x00, 0x00, 0x00, 0x00, 0x00, 
    0x00, 0x00, 0x00, 0x00, 0x00, 0x00, 0x00, 0x00, 0x00, 0x00, 0x00, 0x00, 
    0x1B, 0x21, 0x2C, 0x7B, 0x00, 0x00, 0x00, 0xFF, 0x00, 0x00, 0x00, 0xFF, 
    0x00, 0x00, 0x00, 0xFF, 0x00, 0x00, 0x00, 0xFF, 0x00, 0x00, 0x00, 0xFF, 
    0x00, 0x00, 0x00, 0xFF, 0x00, 0x00, 0x00, 0xFF, 0x28, 0x2F, 0x3B, 0x72, 
    0x00, 0x00, 0x00, 0x00, 0x00, 0x00, 0x00, 0x00, 0x00, 0x00, 0x00, 0x00, 
    0x00, 0x00, 0x00, 0x00, 0x00, 0x00, 0x00, 0x00, 0x00, 0x00, 0x00, 0x00, 
    0x00, 0x00, 0x00, 0x00, 0x00, 0x00, 0x00, 0x00, 0x00, 0x00, 0x00, 0x00, 
    0x00, 0x00, 0x00, 0x00, 0x4E, 0x58, 0x6C, 0x07, 0x25, 0x2C, 0x37, 0x59, 
    0x1F, 0x25, 0x2F, 0xA4, 0x23, 0x2B, 0x38, 0xB9, 0x22, 0x2A, 0x37, 0xB9, 
    0x22, 0x2A, 0x37, 0xB9, 0x0D, 0x12, 0x1B, 0xEB, 0x00, 0x00, 0x00, 0xFF, 
    0x00, 0x00, 0x00, 0xFF, 0x00, 0x00, 0x00, 0xFF, 0x00, 0x00, 0x00, 0xFF, 
    0x00, 0x00, 0x00, 0xFF, 0x00, 0x00, 0x00, 0xFF, 0x00, 0x00, 0x00, 0xFF, 
    0x0C, 0x11, 0x19, 0xEB, 0x22, 0x2A, 0x37, 0xB9, 0x22, 0x2A, 0x37, 0xB9, 
    0x23, 0x2A, 0x37, 0xB9, 0x21, 0x26, 0x31, 0xAB, 0x29, 0x30, 0x3D, 0x5F, 
    0x47, 0x51, 0x64, 0x09, 0x00, 0x00, 0x00, 0x00, 0x00, 0x00, 0x00, 0x00, 
    0x00, 0x00, 0x00, 0x00, 0x2C, 0x37, 0x4C, 0x26, 0x14, 0x19, 0x21, 0xD2, 
    0x00, 0x00, 0x00, 0xFF, 0x00, 0x00, 0x00, 0xFF, 0x00, 0x00, 0x00, 0xFF, 
    0x00, 0x00, 0x00, 0xFF, 0x00, 0x00, 0x00, 0xFF, 0x00, 0x00, 0x00, 0xFF, 
    0x00, 0x00, 0x00, 0xFF, 0x00, 0x00, 0x00, 0xFF, 0x00, 0x00, 0x00, 0xFF, 
    0x00, 0x00, 0x00, 0xFF, 0x00, 0x00, 0x00, 0xFF, 0x00, 0x00, 0x00, 0xFF, 
    0x00, 0x00, 0x00, 0xFF, 0x00, 0x00, 0x00, 0xFF, 0x00, 0x00, 0x00, 0xFF, 
    0x00, 0x00, 0x00, 0xFF, 0x00, 0x00, 0x00, 0xFF, 0x00, 0x00, 0x00, 0xFF, 
    0x00, 0x00, 0x00, 0xFF, 0x14, 0x18, 0x1F, 0xD6, 0x1B, 0x23, 0x32, 0x30, 
    0x00, 0x00, 0x00, 0x00, 0x38, 0x42, 0x55, 0x10, 0x10, 0x14, 0x1D, 0xE2, 
    0x00, 0x00, 0x00, 0xFF, 0x00, 0x00, 0x00, 0xFF, 0x00, 0x00, 0x00, 0xFF, 
    0x00, 0x00, 0x00, 0xFF, 0x00, 0x00, 0x00, 0xFF, 0x00, 0x00, 0x00, 0xFF, 
    0x00, 0x00, 0x00, 0xFF, 0x00, 0x00, 0x00, 0xFF, 0x00, 0x00, 0x00, 0xFF, 
    0x00, 0x00, 0x00, 0xFF, 0x00, 0x00, 0x00, 0xFF, 0x00, 0x00, 0x00, 0xFF, 
    0x00, 0x00, 0x00, 0xFF, 0x00, 0x00, 0x00, 0xFF, 0x00, 0x00, 0x00, 0xFF, 
    0x00, 0x00, 0x00, 0xFF, 0x00, 0x00, 0x00, 0xFF, 0x00, 0x00, 0x00, 0xFF, 
    0x00, 0x00, 0x00, 0xFF, 0x00, 0x00, 0x00, 0xFF, 0x00, 0x00, 0x00, 0xFF, 
    0x11, 0x15, 0x1D, 0xE2, 0x34, 0x3C, 0x4A, 0x16, 0x20, 0x25, 0x30, 0x75, 
    0x00, 0x00, 0x00, 0xFF, 0x00, 0x00, 0x00, 0xFF, 0x00, 0x00, 0x00, 0xFF, 
    0x00, 0x00, 0x00, 0xFF, 0x00, 0x00, 0x00, 0xFF, 0x00, 0x00, 0x00, 0xFF, 
    0x00, 0x00, 0x00, 0xFF, 0x00, 0x00, 0x00, 0xFF, 0x00, 0x00, 0x00, 0xFF, 
    0x00, 0x00, 0x00, 0xFF, 0x00, 0x00, 0x00, 0xFF, 0x00, 0x00, 0x00, 0xFF, 
    0x00, 0x00, 0x00, 0xFF, 0x00, 0x00, 0x00, 0xFF, 0x00, 0x00, 0x00, 0xFF, 
    0x00, 0x00, 0x00, 0xFF, 0x00, 0x00, 0x00, 0xFF, 0x00, 0x00, 0x00, 0xFF, 
    0x00, 0x00, 0x00, 0xFF, 0x00, 0x00, 0x00, 0xFF, 0x00, 0x00, 0x00, 0xFF, 
    0x00, 0x00, 0x00, 0xFF, 0x00, 0x00, 0x00, 0xFF, 0x27, 0x2E, 0x3A, 0x77, 
    0x18, 0x1D, 0x24, 0xBD, 0x00, 0x00, 0x00, 0xFF, 0x00, 0x00, 0x00, 0xFF, 
    0x00, 0x00, 0x00, 0xFF, 0x15, 0x1A, 0x22, 0xBD, 0x01, 0x01, 0x02, 0x7C, 
    0x00, 0x00, 0x00, 0x80, 0x00, 0x00, 0x00, 0x7F, 0x00, 0x00, 0x00, 0x80, 
    0x00, 0x00, 0x00, 0x80, 0x00, 0x00, 0x00, 0x7F, 0x00, 0x00, 0x00, 0x80, 
    0x00, 0x00, 0x00, 0x80, 0x00, 0x00, 0x00, 0x7F, 0x00, 0x00, 0x00, 0x7F, 
    0x00, 0x00, 0x00, 0x7F, 0x00, 0x00, 0x00, 0x80, 0x00, 0x00, 0x00, 0x80, 
    0x00, 0x00, 0x00, 0x7F, 0x01, 0x01, 0x02, 0x7C, 0x11, 0x14, 0x19, 0xCA, 
    0x00, 0x00, 0x00, 0xFF, 0x00, 0x00, 0x00, 0xFF, 0x00, 0x00, 0x00, 0xFF, 
    0x13, 0x18, 0x21, 0xCC, 0x18, 0x1D, 0x27, 0xE4, 0x00, 0x00, 0x00, 0xFF, 
    0x00, 0x00, 0x00, 0xFF, 0x00, 0x00, 0x00, 0xFF, 0x02, 0x03, 0x05, 0x6A, 
    0x00, 0x00, 0x00, 0x00, 0x00, 0x00, 0x00, 0x00, 0x00, 0x00, 0x00, 0x00, 
    0x00, 0x00, 0x00, 0x00, 0x00, 0x00, 0x00, 0x00, 0x00, 0x00, 0x00, 0x00, 
    0x00, 0x00, 0x00, 0x00, 0x00, 0x00, 0x00, 0x00, 0x00, 0x00, 0x00, 0x00, 
    0x00, 0x00, 0x00, 0x00, 0x00, 0x00, 0x00, 0x00, 0x00, 0x00, 0x00, 0x00, 
    0x00, 0x00, 0x00, 0x00, 0x00, 0x00, 0x00, 0x00, 0x00, 0x00, 0x00, 0x00, 
    0x2F, 0x3A, 0x4E, 0x47, 0x00, 0x00, 0x00, 0xFF, 0x00, 0x00, 0x00, 0xFF, 
    0x00, 0x00, 0x00, 0xFF, 0x00, 0x00, 0x00, 0xFF, 0x00, 0x00, 0x00, 0xFF, 
    0x00, 0x00, 0x00, 0xFF, 0x00, 0x00, 0x00, 0xFF, 0x00, 0x00, 0x00, 0xFF, 
    0x00, 0x00, 0x00, 0x6F, 0x00, 0x00, 0x00, 0x00, 0x00, 0x00, 0x00, 0x00, 
    0x00, 0x00, 0x00, 0x00, 0x00, 0x00, 0x00, 0x00, 0x00, 0x00, 0x00, 0x00, 
    0x00, 0x00, 0x00, 0x00, 0x00, 0x00, 0x00, 0x00, 0x00, 0x00, 0x00, 0x00, 
    0x00, 0x00, 0x00, 0x00, 0x00, 0x00, 0x00, 0x00, 0x00, 0x00, 0x00, 0x00, 
    0x00, 0x00, 0x00, 0x00, 0x00, 0x00, 0x00, 0x00, 0x00, 0x00, 0x00, 0x00, 
    0x00, 0x00, 0x00, 0x00, 0x34, 0x40, 0x56, 0x46, 0x00, 0x00, 0x00, 0xFF, 
    0x00, 0x00, 0x00, 0xFF, 0x00, 0x00, 0x00, 0xFF, 0x00, 0x00, 0x00, 0xFF, 
    0x00, 0x00, 0x00, 0xFF, 0x00, 0x00, 0x00, 0xFF, 0x00, 0x00, 0x00, 0xFF, 
    0x00, 0x00, 0x00, 0xFF, 0x00, 0x00, 0x00, 0x6F, 0x00, 0x00, 0x00, 0x00, 
    0x00, 0x00, 0x00, 0x00, 0x2C, 0x39, 0x50, 0x0B, 0x1A, 0x20, 0x2A, 0x8C, 
    0x00, 0x00, 0x00, 0xBD, 0x00, 0x00, 0x00, 0xBD, 0x00, 0x00, 0x00, 0xBD, 
    0x00, 0x00, 0x00, 0xBD, 0x00, 0x00, 0x00, 0xBD, 0x00, 0x00, 0x00, 0xBD, 
    0x00, 0x00, 0x00, 0xBD, 0x12, 0x17, 0x22, 0x92, 0x02, 0x02, 0x04, 0x23, 
    0x00, 0x00, 0x00, 0x00, 0x00, 0x00, 0x00, 0x00, 0x34, 0x40, 0x56, 0x46, 
    0x00, 0x00, 0x00, 0xFF, 0x00, 0x00, 0x00, 0xFF, 0x00, 0x00, 0x00, 0xFF, 
    0x00, 0x00, 0x00, 0xFF, 0x00, 0x00, 0x00, 0xFF, 0x00, 0x00, 0x00, 0xFF, 
    0x00, 0x00, 0x00, 0xFF, 0x00, 0x00, 0x00, 0xFF, 0x00, 0x00, 0x00, 0x6F, 
    0x00, 0x00, 0x00, 0x00, 0x00, 0x00, 0x00, 0x00, 0x18, 0x1E, 0x2A, 0x91, 
    0x00, 0x00, 0x00, 0xFF, 0x00, 0x00, 0x00, 0xFF, 0x00, 0x00, 0x00, 0xFF, 
    0x00, 0x00, 0x00, 0xFF, 0x00, 0x00, 0x00, 0xFF, 0x00, 0x00, 0x00, 0xFF, 
    0x00, 0x00, 0x00, 0xFF, 0x00, 0x00, 0x00, 0xFF, 0x00, 0x00, 0x00, 0xFF, 
    0x19, 0x21, 0x2F, 0x8A, 0x00, 0x00, 0x00, 0x00, 0x00, 0x00, 0x00, 0x00, 
    0x34, 0x40, 0x56, 0x46, 0x00, 0x00, 0x00, 0xFF, 0x00, 0x00, 0x00, 0xFF, 
    0x00, 0x00, 0x00, 0xFF, 0x00, 0x00, 0x00, 0xFF, 0x00, 0x00, 0x00, 0xFF, 
    0x00, 0x00, 0x00, 0xFF, 0x00, 0x00, 0x00, 0xFF, 0x00, 0x00, 0x00, 0xFF, 
    0x00, 0x00, 0x00, 0x6F, 0x00, 0x00, 0x00, 0x00, 0x00, 0x00, 0x00, 0x00, 
    0x00, 0x00, 0x00, 0xC4, 0x00, 0x00, 0x00, 0xFF, 0x00, 0x00, 0x00, 0xFF, 
    0x00, 0x00, 0x00, 0xFF, 0x00, 0x00, 0x00, 0xFF, 0x00, 0x00, 0x00, 0xFF, 
    0x00, 0x00, 0x00, 0xFF, 0x00, 0x00, 0x00, 0xFF, 0x00, 0x00, 0x00, 0xFF, 
    0x00, 0x00, 0x00, 0xFF, 0x00, 0x00, 0x00, 0xC4, 0x00, 0x00, 0x00, 0x00, 
    0x00, 0x00, 0x00, 0x00, 0x34, 0x40, 0x56, 0x46, 0x00, 0x00, 0x00, 0xFF, 
    0x00, 0x00, 0x00, 0xFF, 0x00, 0x00, 0x00, 0xFF, 0x00, 0x00, 0x00, 0xFF, 
    0x00, 0x00, 0x00, 0xFF, 0x00, 0x00, 0x00, 0xFF, 0x00, 0x00, 0x00, 0xFF, 
    0x00, 0x00, 0x00, 0xFF, 0x00, 0x00, 0x00, 0x6F, 0x00, 0x00, 0x00, 0x00, 
    0x00, 0x00, 0x00, 0x00, 0x00, 0x00, 0x00, 0xC4, 0x00, 0x00, 0x00, 0xFF, 
    0x00, 0x00, 0x00, 0xFF, 0x00, 0x00, 0x00, 0xFF, 0x00, 0x00, 0x00, 0xFF, 
    0x00, 0x00, 0x00, 0xFF, 0x00, 0x00, 0x00, 0xFF, 0x00, 0x00, 0x00, 0xFF, 
    0x00, 0x00, 0x00, 0xFF, 0x00, 0x00, 0x00, 0xFF, 0x00, 0x00, 0x00, 0xC4, 
    0x00, 0x00, 0x00, 0x00, 0x00, 0x00, 0x00, 0x00, 0x34, 0x40, 0x56, 0x46, 
    0x00, 0x00, 0x00, 0xFF, 0x00, 0x00, 0x00, 0xFF, 0x00, 0x00, 0x00, 0xFF, 
    0x00, 0x00, 0x00, 0xFF, 0x00, 0x00, 0x00, 0xFF, 0x00, 0x00, 0x00, 0xFF, 
    0x00, 0x00, 0x00, 0xFF, 0x00, 0x00, 0x00, 0xFF, 0x00, 0x00, 0x00, 0x6F, 
    0x00, 0x00, 0x00, 0x00, 0x00, 0x00, 0x00, 0x00, 0x00, 0x00, 0x00, 0xC4, 
    0x00, 0x00, 0x00, 0xFF, 0x00, 0x00, 0x00, 0xFF, 0x00, 0x00, 0x00, 0xFF, 
    0x00, 0x00, 0x00, 0xFF, 0x00, 0x00, 0x00, 0xFF, 0x00, 0x00, 0x00, 0xFF, 
    0x00, 0x00, 0x00, 0xFF, 0x00, 0x00, 0x00, 0xFF, 0x00, 0x00, 0x00, 0xFF, 
    0x00, 0x00, 0x00, 0xC4, 0x00, 0x00, 0x00, 0x00, 0x00, 0x00, 0x00, 0x00, 
    0x34, 0x40, 0x56, 0x46, 0x00, 0x00, 0x00, 0xFF, 0x00, 0x00, 0x00, 0xFF, 
    0x00, 0x00, 0x00, 0xFF, 0x00, 0x00, 0x00, 0xFF, 0x00, 0x00, 0x00, 0xFF, 
    0x00, 0x00, 0x00, 0xFF, 0x00, 0x00, 0x00, 0xFF, 0x00, 0x00, 0x00, 0xFF, 
    0x00, 0x00, 0x00, 0x6F, 0x00, 0x00, 0x00, 0x00, 0x00, 0x00, 0x00, 0x00, 
    0x00, 0x00, 0x00, 0xC4, 0x00, 0x00, 0x00, 0xFF, 0x00, 0x00, 0x00, 0xFF, 
    0x00, 0x00, 0x00, 0xFF, 0x00, 0x00, 0x00, 0xFF, 0x00, 0x00, 0x00, 0xFF, 
    0x00, 0x00, 0x00, 0xFF, 0x00, 0x00, 0x00, 0xFF, 0x00, 0x00, 0x00, 0xFF, 
    0x00, 0x00, 0x00, 0xFF, 0x00, 0x00, 0x00, 0xC4, 0x00, 0x00, 0x00, 0x00, 
    0x00, 0x00, 0x00, 0x00, 0x34, 0x40, 0x56, 0x46, 0x00, 0x00, 0x00, 0xFF, 
    0x00, 0x00, 0x00, 0xFF, 0x00, 0x00, 0x00, 0xFF, 0x00, 0x00, 0x00, 0xFF, 
    0x00, 0x00, 0x00, 0xFF, 0x00, 0x00, 0x00, 0xFF, 0x00, 0x00, 0x00, 0xFF, 
    0x00, 0x00, 0x00, 0xFF, 0x00, 0x00, 0x00, 0x6F, 0x00, 0x00, 0x00, 0x00, 
    0x00, 0x00, 0x00, 0x00, 0x00, 0x00, 0x00, 0xC4, 0x00, 0x00, 0x00, 0xFF, 
    0x00, 0x00, 0x00, 0xFF, 0x00, 0x00, 0x00, 0xFF, 0x00, 0x00, 0x00, 0xFF, 
    0x00, 0x00, 0x00, 0xFF, 0x00, 0x00, 0x00, 0xFF, 0x00, 0x00, 0x00, 0xFF, 
    0x00, 0x00, 0x00, 0xFF, 0x00, 0x00, 0x00, 0xFF, 0x00, 0x00, 0x00, 0xC4, 
    0x00, 0x00, 0x00, 0x00, 0x00, 0x00, 0x00, 0x00, 0x34, 0x40, 0x56, 0x46, 
    0x00, 0x00, 0x00, 0xFF, 0x00, 0x00, 0x00, 0xFF, 0x00, 0x00, 0x00, 0xFF, 
    0x00, 0x00, 0x00, 0xFF, 0x00, 0x00, 0x00, 0xFF, 0x00, 0x00, 0x00, 0xFF, 
    0x00, 0x00, 0x00, 0xFF, 0x00, 0x00, 0x00, 0xFF, 0x00, 0x00, 0x00, 0x6F, 
    0x00, 0x00, 0x00, 0x00, 0x00, 0x00, 0x00, 0x00, 0x00, 0x00, 0x00, 0xC4, 
    0x00, 0x00, 0x00, 0xFF, 0x00, 0x00, 0x00, 0xFF, 0x00, 0x00, 0x00, 0xFF, 
    0x00, 0x00, 0x00, 0xFF, 0x00, 0x00, 0x00, 0xFF, 0x00, 0x00, 0x00, 0xFF, 
    0x00, 0x00, 0x00, 0xFF, 0x00, 0x00, 0x00, 0xFF, 0x00, 0x00, 0x00, 0xFF, 
    0x00, 0x00, 0x00, 0xC4, 0x00, 0x00, 0x00, 0x00, 0x00, 0x00, 0x00, 0x00, 
    0x34, 0x40, 0x56, 0x46, 0x00, 0x00, 0x00, 0xFF, 0x00, 0x00, 0x00, 0xFF, 
    0x00, 0x00, 0x00, 0xFF, 0x00, 0x00, 0x00, 0xFF, 0x00, 0x00, 0x00, 0xFF, 
    0x00, 0x00, 0x00, 0xFF, 0x00, 0x00, 0x00, 0xFF, 0x00, 0x00, 0x00, 0xFF, 
    0x00, 0x00, 0x00, 0x6F, 0x00, 0x00, 0x00, 0x00, 0x00, 0x00, 0x00, 0x00, 
    0x00, 0x00, 0x00, 0xC4, 0x00, 0x00, 0x00, 0xFF, 0x00, 0x00, 0x00, 0xFF, 
    0x00, 0x00, 0x00, 0xFF, 0x00, 0x00, 0x00, 0xFF, 0x00, 0x00, 0x00, 0xFF, 
    0x00, 0x00, 0x00, 0xFF, 0x00, 0x00, 0x00, 0xFF, 0x00, 0x00, 0x00, 0xFF, 
    0x00, 0x00, 0x00, 0xFF, 0x00, 0x00, 0x00, 0xC4, 0x00, 0x00, 0x00, 0x00, 
    0x00, 0x00, 0x00, 0x00, 0x34, 0x40, 0x56, 0x46, 0x00, 0x00, 0x00, 0xFF, 
    0x00, 0x00, 0x00, 0xFF, 0x00, 0x00, 0x00, 0xFF, 0x00, 0x00, 0x00, 0xFF, 
    0x00, 0x00, 0x00, 0xFF, 0x00, 0x00, 0x00, 0xFF, 0x00, 0x00, 0x00, 0xFF, 
    0x00, 0x00, 0x00, 0xFF, 0x00, 0x00, 0x00, 0x6F, 0x00, 0x00, 0x00, 0x00, 
    0x00, 0x00, 0x00, 0x00, 0x00, 0x00, 0x00, 0xC4, 0x00, 0x00, 0x00, 0xFF, 
    0x00, 0x00, 0x00, 0xFF, 0x00, 0x00, 0x00, 0xFF, 0x00, 0x00, 0x00, 0xFF, 
    0x00, 0x00, 0x00, 0xFF, 0x00, 0x00, 0x00, 0xFF, 0x00, 0x00, 0x00, 0xFF, 
    0x00, 0x00, 0x00, 0xFF, 0x00, 0x00, 0x00, 0xFF, 0x00, 0x00, 0x00, 0xC4, 
    0x00, 0x00, 0x00, 0x00, 0x00, 0x00, 0x00, 0x00, 0x34, 0x40, 0x56, 0x46, 
    0x00, 0x00, 0x00, 0xFF, 0x00, 0x00, 0x00, 0xFF, 0x00, 0x00, 0x00, 0xFF, 
    0x00, 0x00, 0x00, 0xFF, 0x00, 0x00, 0x00, 0xFF, 0x00, 0x00, 0x00, 0xFF, 
    0x00, 0x00, 0x00, 0xFF, 0x00, 0x00, 0x00, 0xFF, 0x00, 0x00, 0x00, 0x6F, 
    0x00, 0x00, 0x00, 0x00, 0x00, 0x00, 0x00, 0x00, 0x00, 0x00, 0x00, 0xC4, 
    0x00, 0x00, 0x00, 0xFF, 0x00, 0x00, 0x00, 0xFF, 0x00, 0x00, 0x00, 0xFF, 
    0x00, 0x00, 0x00, 0xFF, 0x00, 0x00, 0x00, 0xFF, 0x00, 0x00, 0x00, 0xFF, 
    0x00, 0x00, 0x00, 0xFF, 0x00, 0x00, 0x00, 0xFF, 0x00, 0x00, 0x00, 0xFF, 
    0x00, 0x00, 0x00, 0xC4, 0x00, 0x00, 0x00, 0x00, 0x00, 0x00, 0x00, 0x00, 
    0x34, 0x40, 0x56, 0x46, 0x00, 0x00, 0x00, 0xFF, 0x00, 0x00, 0x00, 0xFF, 
    0x00, 0x00, 0x00, 0xFF, 0x00, 0x00, 0x00, 0xFF, 0x00, 0x00, 0x00, 0xFF, 
    0x00, 0x00, 0x00, 0xFF, 0x00, 0x00, 0x00, 0xFF, 0x00, 0x00, 0x00, 0xFF, 
    0x00, 0x00, 0x00, 0x6F, 0x00, 0x00, 0x00, 0x00, 0x00, 0x00, 0x00, 0x00, 
    0x00, 0x00, 0x00, 0xC4, 0x00, 0x00, 0x00, 0xFF, 0x00, 0x00, 0x00, 0xFF, 
    0x00, 0x00, 0x00, 0xFF, 0x00, 0x00, 0x00, 0xFF, 0x00, 0x00, 0x00, 0xFF, 
    0x00, 0x00, 0x00, 0xFF, 0x00, 0x00, 0x00, 0xFF, 0x00, 0x00, 0x00, 0xFF, 
    0x00, 0x00, 0x00, 0xFF, 0x00, 0x00, 0x00, 0xC4, 0x00, 0x00, 0x00, 0x00, 
    0x00, 0x00, 0x00, 0x00, 0x34, 0x40, 0x56, 0x46, 0x00, 0x00, 0x00, 0xFF, 
    0x00, 0x00, 0x00, 0xFF, 0x00, 0x00, 0x00, 0xFF, 0x00, 0x00, 0x00, 0xFF, 
    0x00, 0x00, 0x00, 0xFF, 0x00, 0x00, 0x00, 0xFF, 0x00, 0x00, 0x00, 0xFF, 
    0x00, 0x00, 0x00, 0xFF, 0x00, 0x00, 0x00, 0x6F, 0x00, 0x00, 0x00, 0x00, 
    0x00, 0x00, 0x00, 0x00, 0x00, 0x00, 0x00, 0xC4, 0x00, 0x00, 0x00, 0xFF, 
    0x00, 0x00, 0x00, 0xFF, 0x00, 0x00, 0x00, 0xFF, 0x00, 0x00, 0x00, 0xFF, 
    0x00, 0x00, 0x00, 0xFF, 0x00, 0x00, 0x00, 0xFF, 0x00, 0x00, 0x00, 0xFF, 
    0x00, 0x00, 0x00, 0xFF, 0x00, 0x00, 0x00, 0xFF, 0x00, 0x00, 0x00, 0xC4, 
    0x00, 0x00, 0x00, 0x00, 0x00, 0x00, 0x00, 0x00, 0x34, 0x40, 0x56, 0x46, 
    0x00, 0x00, 0x00, 0xFF, 0x00, 0x00, 0x00, 0xFF, 0x00, 0x00, 0x00, 0xFF, 
    0x00, 0x00, 0x00, 0xFF, 0x00, 0x00, 0x00, 0xFF, 0x00, 0x00, 0x00, 0xFF, 
    0x00, 0x00, 0x00, 0xFF, 0x00, 0x00, 0x00, 0xFF, 0x00, 0x00, 0x00, 0x6F, 
    0x00, 0x00, 0x00, 0x00, 0x00, 0x00, 0x00, 0x00, 0x00, 0x00, 0x00, 0xC4, 
    0x00, 0x00, 0x00, 0xFF, 0x00, 0x00, 0x00, 0xFF, 0x00, 0x00, 0x00, 0xFF, 
    0x00, 0x00, 0x00, 0xFF, 0x00, 0x00, 0x00, 0xFF, 0x00, 0x00, 0x00, 0xFF, 
    0x00, 0x00, 0x00, 0xFF, 0x00, 0x00, 0x00, 0xFF, 0x00, 0x00, 0x00, 0xFF, 
    0x00, 0x00, 0x00, 0xC4, 0x00, 0x00, 0x00, 0x00, 0x00, 0x00, 0x00, 0x00, 
    0x34, 0x40, 0x56, 0x46, 0x00, 0x00, 0x00, 0xFF, 0x00, 0x00, 0x00, 0xFF, 
    0x00, 0x00, 0x00, 0xFF, 0x00, 0x00, 0x00, 0xFF, 0x00, 0x00, 0x00, 0xFF, 
    0x00, 0x00, 0x00, 0xFF, 0x00, 0x00, 0x00, 0xFF, 0x00, 0x00, 0x00, 0xFF, 
    0x00, 0x00, 0x00, 0x6F, 0x00, 0x00, 0x00, 0x00, 0x00, 0x00, 0x00, 0x00, 
    0x00, 0x00, 0x00, 0xC4, 0x00, 0x00, 0x00, 0xFF, 0x00, 0x00, 0x00, 0xFF, 
    0x00, 0x00, 0x00, 0xFF, 0x00, 0x00, 0x00, 0xFF, 0x00, 0x00, 0x00, 0xFF, 
    0x00, 0x00, 0x00, 0xFF, 0x00, 0x00, 0x00, 0xFF, 0x00, 0x00, 0x00, 0xFF, 
    0x00, 0x00, 0x00, 0xFF, 0x00, 0x00, 0x00, 0xC4, 0x00, 0x00, 0x00, 0x00, 
    0x00, 0x00, 0x00, 0x00, 0x34, 0x40, 0x56, 0x46, 0x00, 0x00, 0x00, 0xFF, 
    0x00, 0x00, 0x00, 0xFF, 0x00, 0x00, 0x00, 0xFF, 0x00, 0x00, 0x00, 0xFF, 
    0x00, 0x00, 0x00, 0xFF, 0x00, 0x00, 0x00, 0xFF, 0x00, 0x00, 0x00, 0xFF, 
    0x00, 0x00, 0x00, 0xFF, 0x00, 0x00, 0x00, 0x6F, 0x00, 0x00, 0x00, 0x00, 
    0x00, 0x00, 0x00, 0x00, 0x00, 0x00, 0x00, 0xC4, 0x00, 0x00, 0x00, 0xFF, 
    0x00, 0x00, 0x00, 0xFF, 0x00, 0x00, 0x00, 0xFF, 0x00, 0x00, 0x00, 0xFF, 
    0x00, 0x00, 0x00, 0xFF, 0x00, 0x00, 0x00, 0xFF, 0x00, 0x00, 0x00, 0xFF, 
    0x00, 0x00, 0x00, 0xFF, 0x00, 0x00, 0x00, 0xFF, 0x00, 0x00, 0x00, 0xC4, 
    0x00, 0x00, 0x00, 0x00, 0x00, 0x00, 0x00, 0x00, 0x34, 0x40, 0x56, 0x46, 
    0x00, 0x00, 0x00, 0xFF, 0x00, 0x00, 0x00, 0xFF, 0x00, 0x00, 0x00, 0xFF, 
    0x00, 0x00, 0x00, 0xFF, 0x00, 0x00, 0x00, 0xFF, 0x00, 0x00, 0x00, 0xFF, 
    0x00, 0x00, 0x00, 0xFF, 0x00, 0x00, 0x00, 0xFF, 0x00, 0x00, 0x00, 0x6F, 
    0x00, 0x00, 0x00, 0x00, 0x00, 0x00, 0x00, 0x00, 0x00, 0x00, 0x00, 0xC4, 
    0x00, 0x00, 0x00, 0xFF, 0x00, 0x00, 0x00, 0xFF, 0x00, 0x00, 0x00, 0xFF, 
    0x00, 0x00, 0x00, 0xFF, 0x00, 0x00, 0x00, 0xFF, 0x00, 0x00, 0x00, 0xFF, 
    0x00, 0x00, 0x00, 0xFF, 0x00, 0x00, 0x00, 0xFF, 0x00, 0x00, 0x00, 0xFF, 
    0x00, 0x00, 0x00, 0xC4, 0x00, 0x00, 0x00, 0x00, 0x00, 0x00, 0x00, 0x00, 
    0x34, 0x40, 0x56, 0x46, 0x00, 0x00, 0x00, 0xFF, 0x00, 0x00, 0x00, 0xFF, 
    0x00, 0x00, 0x00, 0xFF, 0x00, 0x00, 0x00, 0xFF, 0x00, 0x00, 0x00, 0xFF, 
    0x00, 0x00, 0x00, 0xFF, 0x00, 0x00, 0x00, 0xFF, 0x00, 0x00, 0x00, 0xFF, 
    0x00, 0x00, 0x00, 0x6F, 0x00, 0x00, 0x00, 0x00, 0x00, 0x00, 0x00, 0x00, 
    0x00, 0x00, 0x00, 0xC4, 0x00, 0x00, 0x00, 0xFF, 0x00, 0x00, 0x00, 0xFF, 
    0x00, 0x00, 0x00, 0xFF, 0x00, 0x00, 0x00, 0xFF, 0x00, 0x00, 0x00, 0xFF, 
    0x00, 0x00, 0x00, 0xFF, 0x00, 0x00, 0x00, 0xFF, 0x00, 0x00, 0x00, 0xFF, 
    0x00, 0x00, 0x00, 0xFF, 0x00, 0x00, 0x00, 0xC4, 0x00, 0x00, 0x00, 0x00, 
    0x00, 0x00, 0x00, 0x00, 0x34, 0x40, 0x56, 0x46, 0x00, 0x00, 0x00, 0xFF, 
    0x00, 0x00, 0x00, 0xFF, 0x00, 0x00, 0x00, 0xFF, 0x00, 0x00, 0x00, 0xFF, 
    0x00, 0x00, 0x00, 0xFF, 0x00, 0x00, 0x00, 0xFF, 0x00, 0x00, 0x00, 0xFF, 
    0x00, 0x00, 0x00, 0xFF, 0x00, 0x00, 0x00, 0x6F, 0x00, 0x00, 0x00, 0x00, 
    0x00, 0x00, 0x00, 0x00, 0x00, 0x00, 0x00, 0xC4, 0x00, 0x00, 0x00, 0xFF, 
    0x00, 0x00, 0x00, 0xFF, 0x00, 0x00, 0x00, 0xFF, 0x00, 0x00, 0x00, 0xFF, 
    0x00, 0x00, 0x00, 0xFF, 0x00, 0x00, 0x00, 0xFF, 0x00, 0x00, 0x00, 0xFF, 
    0x00, 0x00, 0x00, 0xFF, 0x00, 0x00, 0x00, 0xFF, 0x00, 0x00, 0x00, 0xC4, 
    0x00, 0x00, 0x00, 0x00, 0x00, 0x00, 0x00, 0x00, 0x34, 0x40, 0x56, 0x46, 
    0x00, 0x00, 0x00, 0xFF, 0x00, 0x00, 0x00, 0xFF, 0x00, 0x00, 0x00, 0xFF, 
    0x00, 0x00, 0x00, 0xFF, 0x00, 0x00, 0x00, 0xFF, 0x00, 0x00, 0x00, 0xFF, 
    0x00, 0x00, 0x00, 0xFF, 0x00, 0x00, 0x00, 0xFF, 0x00, 0x00, 0x00, 0x6F, 
    0x00, 0x00, 0x00, 0x00, 0x00, 0x00, 0x00, 0x00, 0x00, 0x00, 0x00, 0xC4, 
    0x00, 0x00, 0x00, 0xFF, 0x00, 0x00, 0x00, 0xFF, 0x00, 0x00, 0x00, 0xFF, 
    0x00, 0x00, 0x00, 0xFF, 0x00, 0x00, 0x00, 0xFF, 0x00, 0x00, 0x00, 0xFF, 
    0x00, 0x00, 0x00, 0xFF, 0x00, 0x00, 0x00, 0xFF, 0x00, 0x00, 0x00, 0xFF, 
    0x00, 0x00, 0x00, 0xC4, 0x00, 0x00, 0x00, 0x00, 0x00, 0x00, 0x00, 0x00, 
    0x34, 0x40, 0x56, 0x46, 0x00, 0x00, 0x00, 0xFF, 0x00, 0x00, 0x00, 0xFF, 
    0x00, 0x00, 0x00, 0xFF, 0x00, 0x00, 0x00, 0xFF, 0x00, 0x00, 0x00, 0xFF, 
    0x00, 0x00, 0x00, 0xFF, 0x00, 0x00, 0x00, 0xFF, 0x00, 0x00, 0x00, 0xFF, 
    0x00, 0x00, 0x00, 0x6F, 0x00, 0x00, 0x00, 0x00, 0x00, 0x00, 0x00, 0x00, 
    0x00, 0x00, 0x00, 0xC4, 0x00, 0x00, 0x00, 0xFF, 0x00, 0x00, 0x00, 0xFF, 
    0x00, 0x00, 0x00, 0xFF, 0x00, 0x00, 0x00, 0xFF, 0x00, 0x00, 0x00, 0xFF, 
    0x00, 0x00, 0x00, 0xFF, 0x00, 0x00, 0x00, 0xFF, 0x00, 0x00, 0x00, 0xFF, 
    0x00, 0x00, 0x00, 0xFF, 0x00, 0x00, 0x00, 0xC4, 0x00, 0x00, 0x00, 0x00, 
    0x00, 0x00, 0x00, 0x00, 0x34, 0x40, 0x56, 0x46, 0x00, 0x00, 0x00, 0xFF, 
    0x00, 0x00, 0x00, 0xFF, 0x00, 0x00, 0x00, 0xFF, 0x00, 0x00, 0x00, 0xFF, 
    0x00, 0x00, 0x00, 0xFF, 0x00, 0x00, 0x00, 0xFF, 0x00, 0x00, 0x00, 0xFF, 
    0x00, 0x00, 0x00, 0xFF, 0x00, 0x00, 0x00, 0x6F, 0x00, 0x00, 0x00, 0x00, 
    0x00, 0x00, 0x00, 0x00, 0x11, 0x16, 0x1F, 0xA3, 0x00, 0x00, 0x00, 0xFF, 
    0x00, 0x00, 0x00, 0xFF, 0x00, 0x00, 0x00, 0xFF, 0x00, 0x00, 0x00, 0xFF, 
    0x00, 0x00, 0x00, 0xFF, 0x00, 0x00, 0x00, 0xFF, 0x00, 0x00, 0x00, 0xFF, 
    0x00, 0x00, 0x00, 0xFF, 0x00, 0x00, 0x00, 0xFF, 0x1C, 0x22, 0x2F, 0x99, 
    0x00, 0x00, 0x00, 0x00, 0x00, 0x00, 0x00, 0x00, 0x34, 0x40, 0x56, 0x46, 
    0x00, 0x00, 0x00, 0xFF, 0x00, 0x00, 0x00, 0xFF, 0x00, 0x00, 0x00, 0xFF, 
    0x00, 0x00, 0x00, 0xFF, 0x00, 0x00, 0x00, 0xFF, 0x00, 0x00, 0x00, 0xFF, 
    0x00, 0x00, 0x00, 0xFF, 0x00, 0x00, 0x00, 0xFF, 0x00, 0x00, 0x00, 0x6F, 
    0x00, 0x00, 0x00, 0x00, 0x00, 0x00, 0x00, 0x00, 0x01, 0x02, 0x04, 0x38, 
    0x12, 0x19, 0x25, 0xA4, 0x15, 0x1D, 0x2D, 0xB0, 0x15, 0x1D, 0x2D, 0xAF, 
    0x15, 0x1D, 0x2D, 0xAF, 0x15, 0x1D, 0x2D, 0xAF, 0x15, 0x1D, 0x2D, 0xAF, 
    0x15, 0x1D, 0x2D, 0xAF, 0x15, 0x1D, 0x2D, 0xAF, 0x1B, 0x22, 0x30, 0x9E, 
    0x0A, 0x0F, 0x17, 0x2A, 0x00, 0x00, 0x00, 0x00, 0x00, 0x00, 0x00, 0x00, 
    0x34, 0x40, 0x56, 0x46, 0x00, 0x00, 0x00, 0xFF, 0x00, 0x00, 0x00, 0xFF, 
    0x00, 0x00, 0x00, 0xFF, 0x00, 0x00, 0x00, 0xFF, 0x00, 0x00, 0x00, 0xFF, 
    0x00, 0x00, 0x00, 0xFF, 0x00, 0x00, 0x00, 0xFF, 0x00, 0x00, 0x00, 0xFF, 
    0x00, 0x00, 0x00, 0x6F, 0x00, 0x00, 0x00, 0x00, 0x00, 0x00, 0x00, 0x00, 
    0x00, 0x00, 0x00, 0x00, 0x00, 0x00, 0x00, 0x00, 0x00, 0x00, 0x00, 0x00, 
    0x00, 0x00, 0x00, 0x00, 0x00, 0x00, 0x00, 0x00, 0x00, 0x00, 0x00, 0x00, 
    0x00, 0x00, 0x00, 0x00, 0x00, 0x00, 0x00, 0x00, 0x00, 0x00, 0x00, 0x00, 
    0x00, 0x00, 0x00, 0x00, 0x00, 0x00, 0x00, 0x00, 0x00, 0x00, 0x00, 0x00, 
    0x00, 0x00, 0x00, 0x00, 0x34, 0x40, 0x56, 0x46, 0x00, 0x00, 0x00, 0xFF, 
    0x00, 0x00, 0x00, 0xFF, 0x00, 0x00, 0x00, 0xFF, 0x00, 0x00, 0x00, 0xFF, 
    0x16, 0x1B, 0x25, 0xE5, 0x00, 0x00, 0x00, 0xFF, 0x00, 0x00, 0x00, 0xFF, 
    0x00, 0x00, 0x00, 0xFF, 0x00, 0x01, 0x01, 0x6E, 0x00, 0x00, 0x00, 0x00, 
    0x00, 0x00, 0x00, 0x00, 0x00, 0x00, 0x00, 0x00, 0x00, 0x00, 0x00, 0x00, 
    0x00, 0x00, 0x00, 0x00, 0x00, 0x00, 0x00, 0x00, 0x00, 0x00, 0x00, 0x00, 
    0x00, 0x00, 0x00, 0x00, 0x00, 0x00, 0x00, 0x00, 0x00, 0x00, 0x00, 0x00, 
    0x00, 0x00, 0x00, 0x00, 0x00, 0x00, 0x00, 0x00, 0x00, 0x00, 0x00, 0x00, 
    0x00, 0x00, 0x00, 0x00, 0x00, 0x00, 0x00, 0x00, 0x33, 0x3E, 0x54, 0x46, 
    0x00, 0x00, 0x00, 0xFF, 0x00, 0x00, 0x00, 0xFF, 0x00, 0x00, 0x00, 0xFF, 
    0x00, 0x00, 0x00, 0xFF, 0x1B, 0x1F, 0x27, 0xC0, 0x00, 0x00, 0x00, 0xFF, 
    0x00, 0x00, 0x00, 0xFF, 0x00, 0x00, 0x00, 0xFF, 0x14, 0x17, 0x1E, 0xB7, 
    0x3E, 0x4A, 0x60, 0x39, 0x43, 0x4F, 0x66, 0x39, 0x43, 0x4F, 0x66, 0x39, 
    0x43, 0x4F, 0x66, 0x39, 0x43, 0x4F, 0x66, 0x39, 0x43, 0x4F, 0x66, 0x39, 
    0x43, 0x4F, 0x66, 0x39, 0x43, 0x4F, 0x66, 0x39, 0x43, 0x4F, 0x66, 0x39, 
    0x43, 0x4F, 0x66, 0x39, 0x43, 0x4F, 0x66, 0x39, 0x43, 0x4F, 0x66, 0x39, 
    0x43, 0x4F, 0x66, 0x39, 0x43, 0x4F, 0x66, 0x39, 0x3D, 0x49, 0x5F, 0x39, 
    0x12, 0x16, 0x1D, 0xB8, 0x00, 0x00, 0x00, 0xFF, 0x00, 0x00, 0x00, 0xFF, 
    0x00, 0x00, 0x00, 0xFF, 0x12, 0x17, 0x1F, 0xD7, 0x1F, 0x25, 0x30, 0x80, 
    0x00, 0x00, 0x00, 0xFF, 0x00, 0x00, 0x00, 0xFF, 0x00, 0x00, 0x00, 0xFF, 
    0x00, 0x00, 0x00, 0xFF, 0x00, 0x00, 0x00, 0xFF, 0x00, 0x00, 0x00, 0xFF, 
    0x00, 0x00, 0x00, 0xFF, 0x00, 0x00, 0x00, 0xFF, 0x00, 0x00, 0x00, 0xFF, 
    0x00, 0x00, 0x00, 0xFF, 0x00, 0x00, 0x00, 0xFF, 0x00, 0x00, 0x00, 0xFF, 
    0x00, 0x00, 0x00, 0xFF, 0x00, 0x00, 0x00, 0xFF, 0x00, 0x00, 0x00, 0xFF, 
    0x00, 0x00, 0x00, 0xFF, 0x00, 0x00, 0x00, 0xFF, 0x00, 0x00, 0x00, 0xFF, 
    0x00, 0x00, 0x00, 0xFF, 0x00, 0x00, 0x00, 0xFF, 0x00, 0x00, 0x00, 0xFF, 
    0x00, 0x00, 0x00, 0xFF, 0x00, 0x00, 0x00, 0xFF, 0x21, 0x27, 0x33, 0x8B, 
    0x38, 0x42, 0x54, 0x18, 0x0E, 0x12, 0x1A, 0xEA, 0x00, 0x00, 0x00, 0xFF, 
    0x00, 0x00, 0x00, 0xFF, 0x00, 0x00, 0x00, 0xFF, 0x00, 0x00, 0x00, 0xFF, 
    0x00, 0x00, 0x00, 0xFF, 0x00, 0x00, 0x00, 0xFF, 0x00, 0x00, 0x00, 0xFF, 
    0x00, 0x00, 0x00, 0xFF, 0x00, 0x00, 0x00, 0xFF, 0x00, 0x00, 0x00, 0xFF, 
    0x00, 0x00, 0x00, 0xFF, 0x00, 0x00, 0x00, 0xFF, 0x00, 0x00, 0x00, 0xFF, 
    0x00, 0x00, 0x00, 0xFF, 0x00, 0x00, 0x00, 0xFF, 0x00, 0x00, 0x00, 0xFF, 
    0x00, 0x00, 0x00, 0xFF, 0x00, 0x00, 0x00, 0xFF, 0x00, 0x00, 0x00, 0xFF, 
    0x00, 0x00, 0x00, 0xFF, 0x00, 0x00, 0x00, 0xFF, 0x0A, 0x0E, 0x15, 0xEC, 
    0x36, 0x40, 0x53, 0x18, 0x00, 0x00, 0x00, 0x00, 0x26, 0x31, 0x45, 0x37, 
    0x0D, 0x10, 0x17, 0xEE, 0x00, 0x00, 0x00, 0xFF, 0x00, 0x00, 0x00, 0xFF, 
    0x00, 0x00, 0x00, 0xFF, 0x00, 0x00, 0x00, 0xFF, 0x00, 0x00, 0x00, 0xFF, 
    0x00, 0x00, 0x00, 0xFF, 0x00, 0x00, 0x00, 0xFF, 0x00, 0x00, 0x00, 0xFF, 
    0x00, 0x00, 0x00, 0xFF, 0x00, 0x00, 0x00, 0xFF, 0x00, 0x00, 0x00, 0xFF, 
    0x00, 0x00, 0x00, 0xFF, 0x00, 0x00, 0x00, 0xFF, 0x00, 0x00, 0x00, 0xFF, 
    0x00, 0x00, 0x00, 0xFF, 0x00, 0x00, 0x00, 0xFF, 0x00, 0x00, 0x00, 0xFF, 
    0x00, 0x00, 0x00, 0xFF, 0x00, 0x00, 0x00, 0xFF, 0x0C, 0x10, 0x16, 0xEB, 
    0x01, 0x01, 0x03, 0x74, 0x00, 0x00, 0x00, 0x00, 0x00, 0x00, 0x00, 0x00, 
    0x00, 0x00, 0x00, 0x00, 0x31, 0x39, 0x48, 0x1D, 0x1D, 0x23, 0x2F, 0x86, 
    0x13, 0x17, 0x20, 0xD5, 0x00, 0x00, 0x00, 0xFF, 0x00, 0x00, 0x00, 0xFF, 
    0x00, 0x00, 0x00, 0xFF, 0x00, 0x00, 0x00, 0xFF, 0x00, 0x00, 0x00, 0xFF, 
    0x00, 0x00, 0x00, 0xFF, 0x00, 0x00, 0x00, 0xFF, 0x00, 0x00, 0x00, 0xFF, 
    0x00, 0x00, 0x00, 0xFF, 0x00, 0x00, 0x00, 0xFF, 0x00, 0x00, 0x00, 0xFF, 
    0x00, 0x00, 0x00, 0xFF, 0x00, 0x00, 0x00, 0xFF, 0x00, 0x00, 0x00, 0xFF, 
    0x01, 0x01, 0x02, 0xFC, 0x14, 0x1A, 0x23, 0xCD, 0x21, 0x27, 0x33, 0x83, 
    0x3B, 0x45, 0x56, 0x16, 0x00, 0x00, 0x00, 0x00, 0x00, 0x00, 0x00, 0x00, 
};
static const unsigned int BatFullImage_len = 3900;
//--------------------------------
// BatQuarterImage --------------------------------
#define BatQuarterImage_W 25
#define BatQuarterImage_H 39

static const unsigned char BatQuarterImage[] = {
    0x00, 0x00, 0x00, 0x00, 0x00, 0x00, 0x00, 0x00, 0x00, 0x00, 0x00, 0x00, 
    0x00, 0x00, 0x00, 0x00, 0x00, 0x00, 0x00, 0x00, 0x00, 0x00, 0x00, 0x00, 
    0x00, 0x00, 0x00, 0x00, 0x00, 0x00, 0x00, 0x00, 0x67, 0x67, 0x67, 0x04, 
    0x1B, 0x1B, 0x1B, 0x78, 0x1C, 0x1C, 0x1C, 0xB5, 0x25, 0x25, 0x25, 0xBC, 
    0x25, 0x25, 0x25, 0xBC, 0x25, 0x25, 0x25, 0xBC, 0x1E, 0x1E, 0x1E, 0xB6, 
    0x24, 0x24, 0x24, 0x85, 0x3A, 0x3A, 0x3A, 0x08, 0x00, 0x00, 0x00, 0x00, 
    0x00, 0x00, 0x00, 0x00, 0x00, 0x00, 0x00, 0x00, 0x00, 0x00, 0x00, 0x00, 
    0x00, 0x00, 0x00, 0x00, 0x00, 0x00, 0x00, 0x00, 0x00, 0x00, 0x00, 0x00, 
    0x00, 0x00, 0x00, 0x00, 0x00, 0x00, 0x00, 0x00, 0x00, 0x00, 0x00, 0x00, 
    0x00, 0x00, 0x00, 0x00, 0x00, 0x00, 0x00, 0x00, 0x00, 0x00, 0x00, 0x00, 
    0x00, 0x00, 0x00, 0x00, 0x00, 0x00, 0x00, 0x00, 0x00, 0x00, 0x00, 0x00, 
    0x20, 0x20, 0x20, 0x6B, 0x00, 0x00, 0x00, 0xFF, 0x00, 0x00, 0x00, 0xFF, 
    0x00, 0x00, 0x00, 0xFF, 0x00, 0x00, 0x00, 0xFF, 0x00, 0x00, 0x00, 0xFF, 
    0x00, 0x00, 0x00, 0xFF, 0x00, 0x00, 0x00, 0xFF, 0x23, 0x23, 0x23, 0x74, 
    0x00, 0x00, 0x00, 0x00, 0x00, 0x00, 0x00, 0x00, 0x00, 0x00, 0x00, 0x00, 
    0x00, 0x00, 0x00, 0x00, 0x00, 0x00, 0x00, 0x00, 0x00, 0x00, 0x00, 0x00, 
    0x00, 0x00, 0x00, 0x00, 0x00, 0x00, 0x00, 0x00, 0x00, 0x00, 0x00, 0x00, 
    0x00, 0x00, 0x00, 0x00, 0x49, 0x49, 0x49, 0x09, 0x29, 0x29, 0x29, 0x5C, 
    0x20, 0x20, 0x20, 0xA1, 0x19, 0x19, 0x19, 0xB9, 0x17, 0x17, 0x17, 0xB9, 
    0x17, 0x17, 0x17, 0xB9, 0x07, 0x07, 0x07, 0xE4, 0x00, 0x00, 0x00, 0xFF, 
    0x00, 0x00, 0x00, 0xFF, 0x00, 0x00, 0x00, 0xFF, 0x00, 0x00, 0x00, 0xFF, 
    0x00, 0x00, 0x00, 0xFF, 0x00, 0x00, 0x00, 0xFF, 0x00, 0x00, 0x00, 0xFF, 
    0x09, 0x09, 0x09, 0xE4, 0x17, 0x17, 0x17, 0xB9, 0x17, 0x17, 0x17, 0xB9, 
    0x18, 0x18, 0x18, 0xB9, 0x1F, 0x1F, 0x1F, 0xA8, 0x27, 0x27, 0x27, 0x61, 
    0x3C, 0x3C, 0x3C, 0x09, 0x00, 0x00, 0x00, 0x00, 0x00, 0x00, 0x00, 0x00, 
    0x00, 0x00, 0x00, 0x00, 0x1A, 0x1A, 0x1A, 0x26, 0x16, 0x16, 0x16, 0xD3, 
    0x00, 0x00, 0x00, 0xFF, 0x00, 0x00, 0x00, 0xFF, 0x00, 0x00, 0x00, 0xFF, 
    0x00, 0x00, 0x00, 0xFF, 0x00, 0x00, 0x00, 0xFF, 0x00, 0x00, 0x00, 0xFF, 
    0x00, 0x00, 0x00, 0xFF, 0x00, 0x00, 0x00, 0xFF, 0x00, 0x00, 0x00, 0xFF, 
    0x00, 0x00, 0x00, 0xFF, 0x00, 0x00, 0x00, 0xFF, 0x00, 0x00, 0x00, 0xFF, 
    0x00, 0x00, 0x00, 0xFF, 0x00, 0x00, 0x00, 0xFF, 0x00, 0x00, 0x00, 0xFF, 
    0x00, 0x00, 0x00, 0xFF, 0x00, 0x00, 0x00, 0xFF, 0x00, 0x00, 0x00, 0xFF, 
    0x00, 0x00, 0x00, 0xFF, 0x18, 0x18, 0x18, 0xD8, 0x14, 0x14, 0x14, 0x26, 
    0x00, 0x00, 0x00, 0x00, 0x2C, 0x2C, 0x2C, 0x0F, 0x0F, 0x0F, 0x0F, 0xDD, 
    0x00, 0x00, 0x00, 0xFF, 0x00, 0x00, 0x00, 0xFF, 0x00, 0x00, 0x00, 0xFF, 
    0x00, 0x00, 0x00, 0xFF, 0x00, 0x00, 0x00, 0xFF, 0x00, 0x00, 0x00, 0xFF, 
    0x00, 0x00, 0x00, 0xFF, 0x00, 0x00, 0x00, 0xFF, 0x00, 0x00, 0x00, 0xFF, 
    0x00, 0x00, 0x00, 0xFF, 0x00, 0x00, 0x00, 0xFF, 0x00, 0x00, 0x00, 0xFF, 
    0x00, 0x00, 0x00, 0xFF, 0x00, 0x00, 0x00, 0xFF, 0x00, 0x00, 0x00, 0xFF, 
    0x00, 0x00, 0x00, 0xFF, 0x00, 0x00, 0x00, 0xFF, 0x00, 0x00, 0x00, 0xFF, 
    0x00, 0x00, 0x00, 0xFF, 0x00, 0x00, 0x00, 0xFF, 0x00, 0x00, 0x00, 0xFF, 
    0x13, 0x13, 0x13, 0xDE, 0x39, 0x39, 0x39, 0x0F, 0x21, 0x21, 0x21, 0x75, 
    0x00, 0x00, 0x00, 0xFF, 0x00, 0x00, 0x00, 0xFF, 0x00, 0x00, 0x00, 0xFF, 
    0x00, 0x00, 0x00, 0xFF, 0x00, 0x00, 0x00, 0xFF, 0x00, 0x00, 0x00, 0xFF, 
    0x00, 0x00, 0x00, 0xFF, 0x00, 0x00, 0x00, 0xFF, 0x00, 0x00, 0x00, 0xFF, 
    0x00, 0x00, 0x00, 0xFF, 0x00, 0x00, 0x00, 0xFF, 0x00, 0x00, 0x00, 0xFF, 
    0x00, 0x00, 0x00, 0xFF, 0x00, 0x00, 0x00, 0xFF, 0x00, 0x00, 0x00, 0xFF, 
    0x00, 0x00, 0x00, 0xFF, 0x00, 0x00, 0x00, 0xFF, 0x00, 0x00, 0x00, 0xFF, 
    0x00, 0x00, 0x00, 0xFF, 0x00, 0x00, 0x00, 0xFF, 0x00, 0x00, 0x00, 0xFF, 
    0x00, 0x00, 0x00, 0xFF, 0x00, 0x00, 0x00, 0xFF, 0x25, 0x25, 0x25, 0x7A, 
    0x1E, 0x1E, 0x1E, 0xB8, 0x00, 0x00, 0x00, 0xFF, 0x00, 0x00, 0x00, 0xFF, 
    0x00, 0x00, 0x00, 0xFF, 0x16, 0x16, 0x16, 0xBA, 0x04, 0x04, 0x04, 0x57, 
    0x04, 0x04, 0x04, 0x57, 0x04, 0x04, 0x04, 0x57, 0x04, 0x04, 0x04, 0x57, 
    0x04, 0x04, 0x04, 0x57, 0x04, 0x04, 0x04, 0x57, 0x04, 0x04, 0x04, 0x57, 
    0x04, 0x04, 0x04, 0x57, 0x04, 0x04, 0x04, 0x57, 0x04, 0x04, 0x04, 0x57, 
    0x04, 0x04, 0x04, 0x57, 0x04, 0x04, 0x04, 0x57, 0x04, 0x04, 0x04, 0x57, 
    0x04, 0x04, 0x04, 0x57, 0x04, 0x04, 0x04, 0x57, 0x17, 0x17, 0x17, 0xB9, 
    0x00, 0x00, 0x00, 0xFF, 0x00, 0x00, 0x00, 0xFF, 0x00, 0x00, 0x00, 0xFF, 
    0x13, 0x13, 0x13, 0xC3, 0x12, 0x12, 0x12, 0xD4, 0x00, 0x00, 0x00, 0xFF, 
    0x00, 0x00, 0x00, 0xFF, 0x00, 0x00, 0x00, 0xFF, 0x07, 0x07, 0x07, 0x47, 
    0x00, 0x00, 0x00, 0x00, 0x00, 0x00, 0x00, 0x00, 0x00, 0x00, 0x00, 0x00, 
    0x00, 0x00, 0x00, 0x00, 0x00, 0x00, 0x00, 0x00, 0x00, 0x00, 0x00, 0x00, 
    0x00, 0x00, 0x00, 0x00, 0x00, 0x00, 0x00, 0x00, 0x00, 0x00, 0x00, 0x00, 
    0x00, 0x00, 0x00, 0x00, 0x00, 0x00, 0x00, 0x00, 0x00, 0x00, 0x00, 0x00, 
    0x00, 0x00, 0x00, 0x00, 0x00, 0x00, 0x00, 0x00, 0x00, 0x00, 0x00, 0x00, 
    0x1F, 0x1F, 0x1F, 0x47, 0x00, 0x00, 0x00, 0xFF, 0x00, 0x00, 0x00, 0xFF, 
    0x00, 0x00, 0x00, 0xFF, 0x02, 0x02, 0x02, 0xD4, 0x02, 0x02, 0x02, 0xD4, 
    0x00, 0x00, 0x00, 0xFF, 0x00, 0x00, 0x00, 0xFF, 0x00, 0x00, 0x00, 0xFF, 
    0x05, 0x05, 0x05, 0x46, 0x00, 0x00, 0x00, 0x00, 0x00, 0x00, 0x00, 0x00, 
    0x00, 0x00, 0x00, 0x00, 0x00, 0x00, 0x00, 0x00, 0x00, 0x00, 0x00, 0x00, 
    0x00, 0x00, 0x00, 0x00, 0x00, 0x00, 0x00, 0x00, 0x00, 0x00, 0x00, 0x00, 
    0x00, 0x00, 0x00, 0x00, 0x00, 0x00, 0x00, 0x00, 0x00, 0x00, 0x00, 0x00, 
    0x00, 0x00, 0x00, 0x00, 0x00, 0x00, 0x00, 0x00, 0x00, 0x00, 0x00, 0x00, 
    0x00, 0x00, 0x00, 0x00, 0x22, 0x22, 0x22, 0x46, 0x00, 0x00, 0x00, 0xFF, 
    0x00, 0x00, 0x00, 0xFF, 0x00, 0x00, 0x00, 0xFF, 0x02, 0x02, 0x02, 0xD4, 
    0x02, 0x02, 0x02, 0xD4, 0x00, 0x00, 0x00, 0xFF, 0x00, 0x00, 0x00, 0xFF, 
    0x00, 0x00, 0x00, 0xFF, 0x05, 0x05, 0x05, 0x46, 0x00, 0x00, 0x00, 0x00, 
    0x00, 0x00, 0x00, 0x00, 0x00, 0x00, 0x00, 0x00, 0x00, 0x00, 0x00, 0x00, 
    0x00, 0x00, 0x00, 0x00, 0x00, 0x00, 0x00, 0x00, 0x00, 0x00, 0x00, 0x00, 
    0x00, 0x00, 0x00, 0x00, 0x00, 0x00, 0x00, 0x00, 0x00, 0x00, 0x00, 0x00, 
    0x00, 0x00, 0x00, 0x00, 0x00, 0x00, 0x00, 0x00, 0x00, 0x00, 0x00, 0x00, 
    0x00, 0x00, 0x00, 0x00, 0x00, 0x00, 0x00, 0x00, 0x22, 0x22, 0x22, 0x46, 
    0x00, 0x00, 0x00, 0xFF, 0x00, 0x00, 0x00, 0xFF, 0x00, 0x00, 0x00, 0xFF, 
    0x02, 0x02, 0x02, 0xD4, 0x02, 0x02, 0x02, 0xD4, 0x00, 0x00, 0x00, 0xFF, 
    0x00, 0x00, 0x00, 0xFF, 0x00, 0x00, 0x00, 0xFF, 0x05, 0x05, 0x05, 0x46, 
    0x00, 0x00, 0x00, 0x00, 0x00, 0x00, 0x00, 0x00, 0x00, 0x00, 0x00, 0x00, 
    0x00, 0x00, 0x00, 0x00, 0x00, 0x00, 0x00, 0x00, 0x00, 0x00, 0x00, 0x00, 
    0x00, 0x00, 0x00, 0x00, 0x00, 0x00, 0x00, 0x00, 0x00, 0x00, 0x00, 0x00, 
    0x00, 0x00, 0x00, 0x00, 0x00, 0x00, 0x00, 0x00, 0x00, 0x00, 0x00, 0x00, 
    0x00, 0x00, 0x00, 0x00, 0x00, 0x00, 0x00, 0x00, 0x00, 0x00, 0x00, 0x00, 
    0x22, 0x22, 0x22, 0x46, 0x00, 0x00, 0x00, 0xFF, 0x00, 0x00, 0x00, 0xFF, 
    0x00, 0x00, 0x00, 0xFF, 0x02, 0x02, 0x02, 0xD4, 0x02, 0x02, 0x02, 0xD4, 
    0x00, 0x00, 0x00, 0xFF, 0x00, 0x00, 0x00, 0xFF, 0x00, 0x00, 0x00, 0xFF, 
    0x05, 0x05, 0x05, 0x46, 0x00, 0x00, 0x00, 0x00, 0x00, 0x00, 0x00, 0x00, 
    0x00, 0x00, 0x00, 0x00, 0x00, 0x00, 0x00, 0x00, 0x00, 0x00, 0x00, 0x00, 
    0x00, 0x00, 0x00, 0x00, 0x00, 0x00, 0x00, 0x00, 0x00, 0x00, 0x00, 0x00, 
    0x00, 0x00, 0x00, 0x00, 0x00, 0x00, 0x00, 0x00, 0x00, 0x00, 0x00, 0x00, 
    0x00, 0x00, 0x00, 0x00, 0x00, 0x00, 0x00, 0x00, 0x00, 0x00, 0x00, 0x00, 
    0x00, 0x00, 0x00, 0x00, 0x22, 0x22, 0x22, 0x46, 0x00, 0x00, 0x00, 0xFF, 
    0x00, 0x00, 0x00, 0xFF, 0x00, 0x00, 0x00, 0xFF, 0x02, 0x02, 0x02, 0xD4, 
    0x02, 0x02, 0x02, 0xD4, 0x00, 0x00, 0x00, 0xFF, 0x00, 0x00, 0x00, 0xFF, 
    0x00, 0x00, 0x00, 0xFF, 0x05, 0x05, 0x05, 0x46, 0x00, 0x00, 0x00, 0x00, 
    0x00, 0x00, 0x00, 0x00, 0x00, 0x00, 0x00, 0x00, 0x00, 0x00, 0x00, 0x00, 
    0x00, 0x00, 0x00, 0x00, 0x00, 0x00, 0x00, 0x00, 0x00, 0x00, 0x00, 0x00, 
    0x00, 0x00, 0x00, 0x00, 0x00, 0x00, 0x00, 0x00, 0x00, 0x00, 0x00, 0x00, 
    0x00, 0x00, 0x00, 0x00, 0x00, 0x00, 0x00, 0x00, 0x00, 0x00, 0x00, 0x00, 
    0x00, 0x00, 0x00, 0x00, 0x00, 0x00, 0x00, 0x00, 0x22, 0x22, 0x22, 0x46, 
    0x00, 0x00, 0x00, 0xFF, 0x00, 0x00, 0x00, 0xFF, 0x00, 0x00, 0x00, 0xFF, 
    0x02, 0x02, 0x02, 0xD4, 0x02, 0x02, 0x02, 0xD4, 0x00, 0x00, 0x00, 0xFF, 
    0x00, 0x00, 0x00, 0xFF, 0x00, 0x00, 0x00, 0xFF, 0x05, 0x05, 0x05, 0x46, 
    0x00, 0x00, 0x00, 0x00, 0x00, 0x00, 0x00, 0x00, 0x00, 0x00, 0x00, 0x00, 
    0x00, 0x00, 0x00, 0x00, 0x00, 0x00, 0x00, 0x00, 0x00, 0x00, 0x00, 0x00, 
    0x00, 0x00, 0x00, 0x00, 0x00, 0x00, 0x00, 0x00, 0x00, 0x00, 0x00, 0x00, 
    0x00, 0x00, 0x00, 0x00, 0x00, 0x00, 0x00, 0x00, 0x00, 0x00, 0x00, 0x00, 
    0x00, 0x00, 0x00, 0x00, 0x00, 0x00, 0x00, 0x00, 0x00, 0x00, 0x00, 0x00, 
    0x22, 0x22, 0x22, 0x46, 0x00, 0x00, 0x00, 0xFF, 0x00, 0x00, 0x00, 0xFF, 
    0x00, 0x00, 0x00, 0xFF, 0x02, 0x02, 0x02, 0xD4, 0x02, 0x02, 0x02, 0xD4, 
    0x00, 0x00, 0x00, 0xFF, 0x00, 0x00, 0x00, 0xFF, 0x00, 0x00, 0x00, 0xFF, 
    0x05, 0x05, 0x05, 0x46, 0x00, 0x00, 0x00, 0x00, 0x00, 0x00, 0x00, 0x00, 
    0x00, 0x00, 0x00, 0x00, 0x00, 0x00, 0x00, 0x00, 0x00, 0x00, 0x00, 0x00, 
    0x00, 0x00, 0x00, 0x00, 0x00, 0x00, 0x00, 0x00, 0x00, 0x00, 0x00, 0x00, 
    0x00, 0x00, 0x00, 0x00, 0x00, 0x00, 0x00, 0x00, 0x00, 0x00, 0x00, 0x00, 
    0x00, 0x00, 0x00, 0x00, 0x00, 0x00, 0x00, 0x00, 0x00, 0x00, 0x00, 0x00, 
    0x00, 0x00, 0x00, 0x00, 0x22, 0x22, 0x22, 0x46, 0x00, 0x00, 0x00, 0xFF, 
    0x00, 0x00, 0x00, 0xFF, 0x00, 0x00, 0x00, 0xFF, 0x02, 0x02, 0x02, 0xD4, 
    0x02, 0x02, 0x02, 0xD4, 0x00, 0x00, 0x00, 0xFF, 0x00, 0x00, 0x00, 0xFF, 
    0x00, 0x00, 0x00, 0xFF, 0x05, 0x05, 0x05, 0x46, 0x00, 0x00, 0x00, 0x00, 
    0x00, 0x00, 0x00, 0x00, 0x00, 0x00, 0x00, 0x00, 0x00, 0x00, 0x00, 0x00, 
    0x00, 0x00, 0x00, 0x00, 0x00, 0x00, 0x00, 0x00, 0x00, 0x00, 0x00, 0x00, 
    0x00, 0x00, 0x00, 0x00, 0x00, 0x00, 0x00, 0x00, 0x00, 0x00, 0x00, 0x00, 
    0x00, 0x00, 0x00, 0x00, 0x00, 0x00, 0x00, 0x00, 0x00, 0x00, 0x00, 0x00, 
    0x00, 0x00, 0x00, 0x00, 0x00, 0x00, 0x00, 0x00, 0x22, 0x22, 0x22, 0x46, 
    0x00, 0x00, 0x00, 0xFF, 0x00, 0x00, 0x00, 0xFF, 0x00, 0x00, 0x00, 0xFF, 
    0x02, 0x02, 0x02, 0xD4, 0x02, 0x02, 0x02, 0xD4, 0x00, 0x00, 0x00, 0xFF, 
    0x00, 0x00, 0x00, 0xFF, 0x00, 0x00, 0x00, 0xFF, 0x05, 0x05, 0x05, 0x46, 
    0x00, 0x00, 0x00, 0x00, 0x00, 0x00, 0x00, 0x00, 0x00, 0x00, 0x00, 0x00, 
    0x00, 0x00, 0x00, 0x00, 0x00, 0x00, 0x00, 0x00, 0x00, 0x00, 0x00, 0x00, 
    0x00, 0x00, 0x00, 0x00, 0x00, 0x00, 0x00, 0x00, 0x00, 0x00, 0x00, 0x00, 
    0x00, 0x00, 0x00, 0x00, 0x00, 0x00, 0x00, 0x00, 0x00, 0x00, 0x00, 0x00, 
    0x00, 0x00, 0x00, 0x00, 0x00, 0x00, 0x00, 0x00, 0x00, 0x00, 0x00, 0x00, 
    0x22, 0x22, 0x22, 0x46, 0x00, 0x00, 0x00, 0xFF, 0x00, 0x00, 0x00, 0xFF, 
    0x00, 0x00, 0x00, 0xFF, 0x02, 0x02, 0x02, 0xD4, 0x02, 0x02, 0x02, 0xD4, 
    0x00, 0x00, 0x00, 0xFF, 0x00, 0x00, 0x00, 0xFF, 0x00, 0x00, 0x00, 0xFF, 
    0x05, 0x05, 0x05, 0x46, 0x00, 0x00, 0x00, 0x00, 0x00, 0x00, 0x00, 0x00, 
    0x00, 0x00, 0x00, 0x00, 0x00, 0x00, 0x00, 0x00, 0x00, 0x00, 0x00, 0x00, 
    0x00, 0x00, 0x00, 0x00, 0x00, 0x00, 0x00, 0x00, 0x00, 0x00, 0x00, 0x00, 
    0x00, 0x00, 0x00, 0x00, 0x00, 0x00, 0x00, 0x00, 0x00, 0x00, 0x00, 0x00, 
    0x00, 0x00, 0x00, 0x00, 0x00, 0x00, 0x00, 0x00, 0x00, 0x00, 0x00, 0x00, 
    0x00, 0x00, 0x00, 0x00, 0x22, 0x22, 0x22, 0x46, 0x00, 0x00, 0x00, 0xFF, 
    0x00, 0x00, 0x00, 0xFF, 0x00, 0x00, 0x00, 0xFF, 0x02, 0x02, 0x02, 0xD4, 
    0x02, 0x02, 0x02, 0xD4, 0x00, 0x00, 0x00, 0xFF, 0x00, 0x00, 0x00, 0xFF, 
    0x00, 0x00, 0x00, 0xFF, 0x05, 0x05, 0x05, 0x46, 0x00, 0x00, 0x00, 0x00, 
    0x00, 0x00, 0x00, 0x00, 0x00, 0x00, 0x00, 0x00, 0x00, 0x00, 0x00, 0x00, 
    0x00, 0x00, 0x00, 0x00, 0x00, 0x00, 0x00, 0x00, 0x00, 0x00, 0x00, 0x00, 
    0x00, 0x00, 0x00, 0x00, 0x00, 0x00, 0x00, 0x00, 0x00, 0x00, 0x00, 0x00, 
    0x00, 0x00, 0x00, 0x00, 0x00, 0x00, 0x00, 0x00, 0x00, 0x00, 0x00, 0x00, 
    0x00, 0x00, 0x00, 0x00, 0x00, 0x00, 0x00, 0x00, 0x22, 0x22, 0x22, 0x46, 
    0x00, 0x00, 0x00, 0xFF, 0x00, 0x00, 0x00, 0xFF, 0x00, 0x00, 0x00, 0xFF, 
    0x02, 0x02, 0x02, 0xD4, 0x02, 0x02, 0x02, 0xD4, 0x00, 0x00, 0x00, 0xFF, 
    0x00, 0x00, 0x00, 0xFF, 0x00, 0x00, 0x00, 0xFF, 0x05, 0x05, 0x05, 0x46, 
    0x00, 0x00, 0x00, 0x00, 0x00, 0x00, 0x00, 0x00, 0x00, 0x00, 0x00, 0x00, 
    0x00, 0x00, 0x00, 0x00, 0x00, 0x00, 0x00, 0x00, 0x00, 0x00, 0x00, 0x00, 
    0x00, 0x00, 0x00, 0x00, 0x00, 0x00, 0x00, 0x00, 0x00, 0x00, 0x00, 0x00, 
    0x00, 0x00, 0x00, 0x00, 0x00, 0x00, 0x00, 0x00, 0x00, 0x00, 0x00, 0x00, 
    0x00, 0x00, 0x00, 0x00, 0x00, 0x00, 0x00, 0x00, 0x00, 0x00, 0x00, 0x00, 
    0x22, 0x22, 0x22, 0x46, 0x00, 0x00, 0x00, 0xFF, 0x00, 0x00, 0x00, 0xFF, 
    0x00, 0x00, 0x00, 0xFF, 0x02, 0x02, 0x02, 0xD4, 0x02, 0x02, 0x02, 0xD4, 
    0x00, 0x00, 0x00, 0xFF, 0x00, 0x00, 0x00, 0xFF, 0x00, 0x00, 0x00, 0xFF, 
    0x05, 0x05, 0x05, 0x46, 0x00, 0x00, 0x00, 0x00, 0x00, 0x00, 0x00, 0x00, 
    0x00, 0x00, 0x00, 0x00, 0x00, 0x00, 0x00, 0x00, 0x00, 0x00, 0x00, 0x00, 
    0x00, 0x00, 0x00, 0x00, 0x00, 0x00, 0x00, 0x00, 0x00, 0x00, 0x00, 0x00, 
    0x00, 0x00, 0x00, 0x00, 0x00, 0x00, 0x00, 0x00, 0x00, 0x00, 0x00, 0x00, 
    0x00, 0x00, 0x00, 0x00, 0x00, 0x00, 0x00, 0x00, 0x00, 0x00, 0x00, 0x00, 
    0x00, 0x00, 0x00, 0x00, 0x22, 0x22, 0x22, 0x46, 0x00, 0x00, 0x00, 0xFF, 
    0x00, 0x00, 0x00, 0xFF, 0x00, 0x00, 0x00, 0xFF, 0x02, 0x02, 0x02, 0xD4, 
    0x02, 0x02, 0x02, 0xD4, 0x00, 0x00, 0x00, 0xFF, 0x00, 0x00, 0x00, 0xFF, 
    0x00, 0x00, 0x00, 0xFF, 0x05, 0x05, 0x05, 0x46, 0x00, 0x00, 0x00, 0x00, 
    0x00, 0x00, 0x00, 0x00, 0x00, 0x00, 0x00, 0x00, 0x00, 0x00, 0x00, 0x00, 
    0x00, 0x00, 0x00, 0x00, 0x00, 0x00, 0x00, 0x00, 0x00, 0x00, 0x00, 0x00, 
    0x00, 0x00, 0x00, 0x00, 0x00, 0x00, 0x00, 0x00, 0x00, 0x00, 0x00, 0x00, 
    0x00, 0x00, 0x00, 0x00, 0x00, 0x00, 0x00, 0x00, 0x00, 0x00, 0x00, 0x00, 
    0x00, 0x00, 0x00, 0x00, 0x00, 0x00, 0x00, 0x00, 0x22, 0x22, 0x22, 0x46, 
    0x00, 0x00, 0x00, 0xFF, 0x00, 0x00, 0x00, 0xFF, 0x00, 0x00, 0x00, 0xFF, 
    0x02, 0x02, 0x02, 0xD4, 0x02, 0x02, 0x02, 0xD4, 0x00, 0x00, 0x00, 0xFF, 
    0x00, 0x00, 0x00, 0xFF, 0x00, 0x00, 0x00, 0xFF, 0x05, 0x05, 0x05, 0x46, 
    0x00, 0x00, 0x00, 0x00, 0x00, 0x00, 0x00, 0x00, 0x00, 0x00, 0x00, 0x00, 
    0x00, 0x00, 0x00, 0x00, 0x00, 0x00, 0x00, 0x00, 0x00, 0x00, 0x00, 0x00, 
    0x00, 0x00, 0x00, 0x00, 0x00, 0x00, 0x00, 0x00, 0x00, 0x00, 0x00, 0x00, 
    0x00, 0x00, 0x00, 0x00, 0x00, 0x00, 0x00, 0x00, 0x00, 0x00, 0x00, 0x00, 
    0x00, 0x00, 0x00, 0x00, 0x00, 0x00, 0x00, 0x00, 0x00, 0x00, 0x00, 0x00, 
    0x22, 0x22, 0x22, 0x46, 0x00, 0x00, 0x00, 0xFF, 0x00, 0x00, 0x00, 0xFF, 
    0x00, 0x00, 0x00, 0xFF, 0x02, 0x02, 0x02, 0xD4, 0x02, 0x02, 0x02, 0xD4, 
    0x00, 0x00, 0x00, 0xFF, 0x00, 0x00, 0x00, 0xFF, 0x00, 0x00, 0x00, 0xFF, 
    0x05, 0x05, 0x05, 0x46, 0x00, 0x00, 0x00, 0x00, 0x00, 0x00, 0x00, 0x00, 
    0x00, 0x00, 0x00, 0x00, 0x00, 0x00, 0x00, 0x00, 0x00, 0x00, 0x00, 0x00, 
    0x00, 0x00, 0x00, 0x00, 0x00, 0x00, 0x00, 0x00, 0x00, 0x00, 0x00, 0x00, 
    0x00, 0x00, 0x00, 0x00, 0x00, 0x00, 0x00, 0x00, 0x00, 0x00, 0x00, 0x00, 
    0x00, 0x00, 0x00, 0x00, 0x00, 0x00, 0x00, 0x00, 0x00, 0x00, 0x00, 0x00, 
    0x00, 0x00, 0x00, 0x00, 0x22, 0x22, 0x22, 0x46, 0x00, 0x00, 0x00, 0xFF, 
    0x00, 0x00, 0x00, 0xFF, 0x00, 0x00, 0x00, 0xFF, 0x02, 0x02, 0x02, 0xD4, 
    0x02, 0x02, 0x02, 0xD4, 0x00, 0x00, 0x00, 0xFF, 0x00, 0x00, 0x00, 0xFF, 
    0x00, 0x00, 0x00, 0xFF, 0x05, 0x05, 0x05, 0x46, 0x00, 0x00, 0x00, 0x00, 
    0x00, 0x00, 0x00, 0x00, 0x4C, 0x4C, 0x4C, 0x01, 0x2A, 0x2A, 0x2A, 0x41, 
    0x37, 0x37, 0x37, 0x5D, 0x37, 0x37, 0x37, 0x5D, 0x37, 0x37, 0x37, 0x5D, 
    0x37, 0x37, 0x37, 0x5D, 0x37, 0x37, 0x37, 0x5D, 0x37, 0x37, 0x37, 0x5D, 
    0x37, 0x37, 0x37, 0x5D, 0x29, 0x29, 0x29, 0x45, 0x72, 0x72, 0x72, 0x02, 
    0x00, 0x00, 0x00, 0x00, 0x00, 0x00, 0x00, 0x00, 0x22, 0x22, 0x22, 0x46, 
    0x00, 0x00, 0x00, 0xFF, 0x00, 0x00, 0x00, 0xFF, 0x00, 0x00, 0x00, 0xFF, 
    0x02, 0x02, 0x02, 0xD4, 0x02, 0x02, 0x02, 0xD4, 0x00, 0x00, 0x00, 0xFF, 
    0x00, 0x00, 0x00, 0xFF, 0x00, 0x00, 0x00, 0xFF, 0x05, 0x05, 0x05, 0x46, 
    0x00, 0x00, 0x00, 0x00, 0x00, 0x00, 0x00, 0x00, 0x24, 0x24, 0x24, 0x6C, 
    0x00, 0x00, 0x00, 0xFE, 0x00, 0x00, 0x00, 0xFF, 0x00, 0x00, 0x00, 0xFF, 
    0x00, 0x00, 0x00, 0xFF, 0x00, 0x00, 0x00, 0xFF, 0x00, 0x00, 0x00, 0xFF, 
    0x00, 0x00, 0x00, 0xFF, 0x00, 0x00, 0x00, 0xFF, 0x01, 0x01, 0x01, 0xFF, 
    0x25, 0x25, 0x25, 0x6D, 0x00, 0x00, 0x00, 0x00, 0x00, 0x00, 0x00, 0x00, 
    0x22, 0x22, 0x22, 0x46, 0x00, 0x00, 0x00, 0xFF, 0x00, 0x00, 0x00, 0xFF, 
    0x00, 0x00, 0x00, 0xFF, 0x02, 0x02, 0x02, 0xD4, 0x02, 0x02, 0x02, 0xD4, 
    0x00, 0x00, 0x00, 0xFF, 0x00, 0x00, 0x00, 0xFF, 0x00, 0x00, 0x00, 0xFF, 
    0x05, 0x05, 0x05, 0x46, 0x00, 0x00, 0x00, 0x00, 0x00, 0x00, 0x00, 0x00, 
    0x00, 0x00, 0x00, 0x99, 0x00, 0x00, 0x00, 0xFF, 0x00, 0x00, 0x00, 0xFF, 
    0x00, 0x00, 0x00, 0xFF, 0x00, 0x00, 0x00, 0xFF, 0x00, 0x00, 0x00, 0xFF, 
    0x00, 0x00, 0x00, 0xFF, 0x00, 0x00, 0x00, 0xFF, 0x00, 0x00, 0x00, 0xFF, 
    0x00, 0x00, 0x00, 0xFF, 0x00, 0x00, 0x00, 0x99, 0x00, 0x00, 0x00, 0x00, 
    0x00, 0x00, 0x00, 0x00, 0x22, 0x22, 0x22, 0x46, 0x00, 0x00, 0x00, 0xFF, 
    0x00, 0x00, 0x00, 0xFF, 0x00, 0x00, 0x00, 0xFF, 0x02, 0x02, 0x02, 0xD4, 
    0x02, 0x02, 0x02, 0xD4, 0x00, 0x00, 0x00, 0xFF, 0x00, 0x00, 0x00, 0xFF, 
    0x00, 0x00, 0x00, 0xFF, 0x05, 0x05, 0x05, 0x46, 0x00, 0x00, 0x00, 0x00, 
    0x00, 0x00, 0x00, 0x00, 0x00, 0x00, 0x00, 0x99, 0x00, 0x00, 0x00, 0xFF, 
    0x00, 0x00, 0x00, 0xFF, 0x00, 0x00, 0x00, 0xFF, 0x00, 0x00, 0x00, 0xFF, 
    0x00, 0x00, 0x00, 0xFF, 0x00, 0x00, 0x00, 0xFF, 0x00, 0x00, 0x00, 0xFF, 
    0x00, 0x00, 0x00, 0xFF, 0x00, 0x00, 0x00, 0xFF, 0x00, 0x00, 0x00, 0x99, 
    0x00, 0x00, 0x00, 0x00, 0x00, 0x00, 0x00, 0x00, 0x22, 0x22, 0x22, 0x46, 
    0x00, 0x00, 0x00, 0xFF, 0x00, 0x00, 0x00, 0xFF, 0x00, 0x00, 0x00, 0xFF, 
    0x02, 0x02, 0x02, 0xD4, 0x02, 0x02, 0x02, 0xD4, 0x00, 0x00, 0x00, 0xFF, 
    0x00, 0x00, 0x00, 0xFF, 0x00, 0x00, 0x00, 0xFF, 0x05, 0x05, 0x05, 0x46, 
    0x00, 0x00, 0x00, 0x00, 0x00, 0x00, 0x00, 0x00, 0x00, 0x00, 0x00, 0x99, 
    0x00, 0x00, 0x00, 0xFF, 0x00, 0x00, 0x00, 0xFF, 0x00, 0x00, 0x00, 0xFF, 
    0x00, 0x00, 0x00, 0xFF, 0x00, 0x00, 0x00, 0xFF, 0x00, 0x00, 0x00, 0xFF, 
    0x00, 0x00, 0x00, 0xFF, 0x00, 0x00, 0x00, 0xFF, 0x00, 0x00, 0x00, 0xFF, 
    0x00, 0x00, 0x00, 0x99, 0x00, 0x00, 0x00, 0x00, 0x00, 0x00, 0x00, 0x00, 
    0x22, 0x22, 0x22, 0x46, 0x00, 0x00, 0x00, 0xFF, 0x00, 0x00, 0x00, 0xFF, 
    0x00, 0x00, 0x00, 0xFF, 0x02, 0x02, 0x02, 0xD4, 0x02, 0x02, 0x02, 0xD4, 
    0x00, 0x00, 0x00, 0xFF, 0x00, 0x00, 0x00, 0xFF, 0x00, 0x00, 0x00, 0xFF, 
    0x05, 0x05, 0x05, 0x46, 0x00, 0x00, 0x00, 0x00, 0x00, 0x00, 0x00, 0x00, 
    0x00, 0x00, 0x00, 0x99, 0x00, 0x00, 0x00, 0xFF, 0x00, 0x00, 0x00, 0xFF, 
    0x00, 0x00, 0x00, 0xFF, 0x00, 0x00, 0x00, 0xFF, 0x00, 0x00, 0x00, 0xFF, 
    0x00, 0x00, 0x00, 0xFF, 0x00, 0x00, 0x00, 0xFF, 0x00, 0x00, 0x00, 0xFF, 
    0x00, 0x00, 0x00, 0xFF, 0x00, 0x00, 0x00, 0x99, 0x00, 0x00, 0x00, 0x00, 
    0x00, 0x00, 0x00, 0x00, 0x22, 0x22, 0x22, 0x46, 0x00, 0x00, 0x00, 0xFF, 
    0x00, 0x00, 0x00, 0xFF, 0x00, 0x00, 0x00, 0xFF, 0x02, 0x02, 0x02, 0xD4, 
    0x02, 0x02, 0x02, 0xD4, 0x00, 0x00, 0x00, 0xFF, 0x00, 0x00, 0x00, 0xFF, 
    0x00, 0x00, 0x00, 0xFF, 0x05, 0x05, 0x05, 0x46, 0x00, 0x00, 0x00, 0x00, 
    0x00, 0x00, 0x00, 0x00, 0x0E, 0x0E, 0x0E, 0x8D, 0x00, 0x00, 0x00, 0xFF, 
    0x00, 0x00, 0x00, 0xFF, 0x00, 0x00, 0x00, 0xFF, 0x00, 0x00, 0x00, 0xFF, 
    0x00, 0x00, 0x00, 0xFF, 0x00, 0x00, 0x00, 0xFF, 0x00, 0x00, 0x00, 0xFF, 
    0x00, 0x00, 0x00, 0xFF, 0x00, 0x00, 0x00, 0xFF, 0x18, 0x18, 0x18, 0x92, 
    0x00, 0x00, 0x00, 0x00, 0x00, 0x00, 0x00, 0x00, 0x22, 0x22, 0x22, 0x46, 
    0x00, 0x00, 0x00, 0xFF, 0x00, 0x00, 0x00, 0xFF, 0x00, 0x00, 0x00, 0xFF, 
    0x02, 0x02, 0x02, 0xD4, 0x02, 0x02, 0x02, 0xD4, 0x00, 0x00, 0x00, 0xFF, 
    0x00, 0x00, 0x00, 0xFF, 0x00, 0x00, 0x00, 0xFF, 0x05, 0x05, 0x05, 0x46, 
    0x00, 0x00, 0x00, 0x00, 0x00, 0x00, 0x00, 0x00, 0x04, 0x04, 0x04, 0x14, 
    0x0F, 0x0F, 0x0F, 0x9E, 0x08, 0x08, 0x08, 0xAF, 0x08, 0x08, 0x08, 0xAF, 
    0x08, 0x08, 0x08, 0xAF, 0x08, 0x08, 0x08, 0xAF, 0x08, 0x08, 0x08, 0xAF, 
    0x08, 0x08, 0x08, 0xAF, 0x08, 0x08, 0x08, 0xAF, 0x16, 0x16, 0x16, 0x9F, 
    0x0C, 0x0C, 0x0C, 0x14, 0x00, 0x00, 0x00, 0x00, 0x00, 0x00, 0x00, 0x00, 
    0x22, 0x22, 0x22, 0x46, 0x00, 0x00, 0x00, 0xFF, 0x00, 0x00, 0x00, 0xFF, 
    0x00, 0x00, 0x00, 0xFF, 0x02, 0x02, 0x02, 0xD4, 0x02, 0x02, 0x02, 0xD4, 
    0x00, 0x00, 0x00, 0xFF, 0x00, 0x00, 0x00, 0xFF, 0x00, 0x00, 0x00, 0xFF, 
    0x05, 0x05, 0x05, 0x46, 0x00, 0x00, 0x00, 0x00, 0x00, 0x00, 0x00, 0x00, 
    0x00, 0x00, 0x00, 0x00, 0x00, 0x00, 0x00, 0x00, 0x00, 0x00, 0x00, 0x00, 
    0x00, 0x00, 0x00, 0x00, 0x00, 0x00, 0x00, 0x00, 0x00, 0x00, 0x00, 0x00, 
    0x00, 0x00, 0x00, 0x00, 0x00, 0x00, 0x00, 0x00, 0x00, 0x00, 0x00, 0x00, 
    0x00, 0x00, 0x00, 0x00, 0x00, 0x00, 0x00, 0x00, 0x00, 0x00, 0x00, 0x00, 
    0x00, 0x00, 0x00, 0x00, 0x22, 0x22, 0x22, 0x46, 0x00, 0x00, 0x00, 0xFF, 
    0x00, 0x00, 0x00, 0xFF, 0x00, 0x00, 0x00, 0xFF, 0x02, 0x02, 0x02, 0xD4, 
    0x10, 0x10, 0x10, 0xD4, 0x00, 0x00, 0x00, 0xFF, 0x00, 0x00, 0x00, 0xFF, 
    0x00, 0x00, 0x00, 0xFF, 0x05, 0x05, 0x05, 0x46, 0x00, 0x00, 0x00, 0x00, 
    0x00, 0x00, 0x00, 0x00, 0x00, 0x00, 0x00, 0x00, 0x00, 0x00, 0x00, 0x00, 
    0x00, 0x00, 0x00, 0x00, 0x00, 0x00, 0x00, 0x00, 0x00, 0x00, 0x00, 0x00, 
    0x00, 0x00, 0x00, 0x00, 0x00, 0x00, 0x00, 0x00, 0x00, 0x00, 0x00, 0x00, 
    0x00, 0x00, 0x00, 0x00, 0x00, 0x00, 0x00, 0x00, 0x00, 0x00, 0x00, 0x00, 
    0x00, 0x00, 0x00, 0x00, 0x00, 0x00, 0x00, 0x00, 0x20, 0x20, 0x20, 0x46, 
    0x00, 0x00, 0x00, 0xFF, 0x00, 0x00, 0x00, 0xFF, 0x00, 0x00, 0x00, 0xFF, 
    0x02, 0x02, 0x02, 0xD4, 0x1F, 0x1F, 0x1F, 0xBE, 0x00, 0x00, 0x00, 0xFF, 
    0x00, 0x00, 0x00, 0xFF, 0x00, 0x00, 0x00, 0xFF, 0x18, 0x18, 0x18, 0xA4, 
    0x2B, 0x2B, 0x2B, 0x39, 0x2F, 0x2F, 0x2F, 0x39, 0x2F, 0x2F, 0x2F, 0x39, 
    0x2F, 0x2F, 0x2F, 0x39, 0x2F, 0x2F, 0x2F, 0x39, 0x2F, 0x2F, 0x2F, 0x39, 
    0x2F, 0x2F, 0x2F, 0x39, 0x2F, 0x2F, 0x2F, 0x39, 0x2F, 0x2F, 0x2F, 0x39, 
    0x2F, 0x2F, 0x2F, 0x39, 0x2F, 0x2F, 0x2F, 0x39, 0x2F, 0x2F, 0x2F, 0x39, 
    0x2F, 0x2F, 0x2F, 0x39, 0x2F, 0x2F, 0x2F, 0x39, 0x2A, 0x2A, 0x2A, 0x39, 
    0x16, 0x16, 0x16, 0xA4, 0x00, 0x00, 0x00, 0xFF, 0x00, 0x00, 0x00, 0xFF, 
    0x00, 0x00, 0x00, 0xFF, 0x12, 0x12, 0x12, 0xC9, 0x1E, 0x1E, 0x1E, 0x80, 
    0x00, 0x00, 0x00, 0xFF, 0x00, 0x00, 0x00, 0xFF, 0x00, 0x00, 0x00, 0xFF, 
    0x00, 0x00, 0x00, 0xFF, 0x01, 0x01, 0x01, 0xFF, 0x01, 0x01, 0x01, 0xFF, 
    0x01, 0x01, 0x01, 0xFF, 0x01, 0x01, 0x01, 0xFF, 0x01, 0x01, 0x01, 0xFF, 
    0x01, 0x01, 0x01, 0xFF, 0x01, 0x01, 0x01, 0xFF, 0x01, 0x01, 0x01, 0xFF, 
    0x01, 0x01, 0x01, 0xFF, 0x01, 0x01, 0x01, 0xFF, 0x01, 0x01, 0x01, 0xFF, 
    0x01, 0x01, 0x01, 0xFF, 0x01, 0x01, 0x01, 0xFF, 0x01, 0x01, 0x01, 0xFF, 
    0x01, 0x01, 0x01, 0xFF, 0x00, 0x00, 0x00, 0xFF, 0x00, 0x00, 0x00, 0xFF, 
    0x00, 0x00, 0x00, 0xFF, 0x00, 0x00, 0x00, 0xFF, 0x1D, 0x1D, 0x1D, 0x88, 
    0x2D, 0x2D, 0x2D, 0x17, 0x0F, 0x0F, 0x0F, 0xEB, 0x00, 0x00, 0x00, 0xFF, 
    0x00, 0x00, 0x00, 0xFF, 0x00, 0x00, 0x00, 0xFF, 0x00, 0x00, 0x00, 0xFF, 
    0x00, 0x00, 0x00, 0xFF, 0x00, 0x00, 0x00, 0xFF, 0x00, 0x00, 0x00, 0xFF, 
    0x00, 0x00, 0x00, 0xFF, 0x00, 0x00, 0x00, 0xFF, 0x00, 0x00, 0x00, 0xFF, 
    0x00, 0x00, 0x00, 0xFF, 0x00, 0x00, 0x00, 0xFF, 0x00, 0x00, 0x00, 0xFF, 
    0x00, 0x00, 0x00, 0xFF, 0x00, 0x00, 0x00, 0xFF, 0x00, 0x00, 0x00, 0xFF, 
    0x00, 0x00, 0x00, 0xFF, 0x00, 0x00, 0x00, 0xFF, 0x00, 0x00, 0x00, 0xFF, 
    0x00, 0x00, 0x00, 0xFF, 0x00, 0x00, 0x00, 0xFF, 0x0C, 0x0C, 0x0C, 0xEC, 
    0x2A, 0x2A, 0x2A, 0x18, 0x00, 0x00, 0x00, 0x00, 0x16, 0x16, 0x16, 0x37, 
    0x0C, 0x0C, 0x0C, 0xE8, 0x00, 0x00, 0x00, 0xFF, 0x00, 0x00, 0x00, 0xFF, 
    0x00, 0x00, 0x00, 0xFF, 0x00, 0x00, 0x00, 0xFF, 0x00, 0x00, 0x00, 0xFF, 
    0x00, 0x00, 0x00, 0xFF, 0x00, 0x00, 0x00, 0xFF, 0x00, 0x00, 0x00, 0xFF, 
    0x00, 0x00, 0x00, 0xFF, 0x00, 0x00, 0x00, 0xFF, 0x00, 0x00, 0x00, 0xFF, 
    0x00, 0x00, 0x00, 0xFF, 0x00, 0x00, 0x00, 0xFF, 0x00, 0x00, 0x00, 0xFF, 
    0x00, 0x00, 0x00, 0xFF, 0x00, 0x00, 0x00, 0xFF, 0x00, 0x00, 0x00, 0xFF, 
    0x00, 0x00, 0x00, 0xFF, 0x00, 0x00, 0x00, 0xFF, 0x0D, 0x0D, 0x0D, 0xEB, 
    0x05, 0x05, 0x05, 0x37, 0x00, 0x00, 0x00, 0x00, 0x00, 0x00, 0x00, 0x00, 
    0x00, 0x00, 0x00, 0x00, 0x30, 0x30, 0x30, 0x15, 0x1A, 0x1A, 0x1A, 0x85, 
    0x12, 0x12, 0x12, 0xC8, 0x02, 0x02, 0x02, 0xD5, 0x02, 0x02, 0x02, 0xD5, 
    0x02, 0x02, 0x02, 0xD5, 0x02, 0x02, 0x02, 0xD5, 0x02, 0x02, 0x02, 0xD5, 
    0x02, 0x02, 0x02, 0xD5, 0x02, 0x02, 0x02, 0xD5, 0x02, 0x02, 0x02, 0xD5, 
    0x02, 0x02, 0x02, 0xD5, 0x02, 0x02, 0x02, 0xD5, 0x02, 0x02, 0x02, 0xD5, 
    0x02, 0x02, 0x02, 0xD5, 0x02, 0x02, 0x02, 0xD5, 0x02, 0x02, 0x02, 0xD5, 
    0x02, 0x02, 0x02, 0xD5, 0x14, 0x14, 0x14, 0xC3, 0x1F, 0x1F, 0x1F, 0x83, 
    0x31, 0x31, 0x31, 0x16, 0x00, 0x00, 0x00, 0x00, 0x00, 0x00, 0x00, 0x00, 
};
static const unsigned int BatQuarterImage_len = 3900;
//--------------------------------
// BatThreeQuarterImage --------------------------------
#define BatThreeQuarterImage_W 25
#define BatThreeQuarterImage_H 39

static const unsigned char BatThreeQuarterImage[] = {
    0x00, 0x00, 0x00, 0x00, 0x00, 0x00, 0x00, 0x00, 0x00, 0x00, 0x00, 0x00, 
    0x00, 0x00, 0x00, 0x00, 0x00, 0x00, 0x00, 0x00, 0x00, 0x00, 0x00, 0x00, 
    0x00, 0x00, 0x00, 0x00, 0x00, 0x00, 0x00, 0x00, 0x65, 0x65, 0x65, 0x04, 
    0x1A, 0x1A, 0x1A, 0x78, 0x1A, 0x1A, 0x1A, 0xB4, 0x24, 0x24, 0x24, 0xBB, 
    0x24, 0x24, 0x24, 0xBB, 0x24, 0x24, 0x24, 0xBB, 0x1C, 0x1C, 0x1C, 0xB5, 
    0x23, 0x23, 0x23, 0x85, 0x3A, 0x3A, 0x3A, 0x08, 0x00, 0x00, 0x00, 0x00, 
    0x00, 0x00, 0x00, 0x00, 0x00, 0x00, 0x00, 0x00, 0x00, 0x00, 0x00, 0x00, 
    0x00, 0x00, 0x00, 0x00, 0x00, 0x00, 0x00, 0x00, 0x00, 0x00, 0x00, 0x00, 
    0x00, 0x00, 0x00, 0x00, 0x00, 0x00, 0x00, 0x00, 0x00, 0x00, 0x00, 0x00, 
    0x00, 0x00, 0x00, 0x00, 0x00, 0x00, 0x00, 0x00, 0x00, 0x00, 0x00, 0x00, 
    0x00, 0x00, 0x00, 0x00, 0x00, 0x00, 0x00, 0x00, 0x00, 0x00, 0x00, 0x00, 
    0x1F, 0x1F, 0x1F, 0x6A, 0x00, 0x00, 0x00, 0xFF, 0x00, 0x00, 0x00, 0xFF, 
    0x00, 0x00, 0x00, 0xFF, 0x00, 0x00, 0x00, 0xFF, 0x00, 0x00, 0x00, 0xFF, 
    0x00, 0x00, 0x00, 0xFF, 0x00, 0x00, 0x00, 0xFF, 0x22, 0x22, 0x22, 0x73, 
    0x00, 0x00, 0x00, 0x00, 0x00, 0x00, 0x00, 0x00, 0x00, 0x00, 0x00, 0x00, 
    0x00, 0x00, 0x00, 0x00, 0x00, 0x00, 0x00, 0x00, 0x00, 0x00, 0x00, 0x00, 
    0x00, 0x00, 0x00, 0x00, 0x00, 0x00, 0x00, 0x00, 0x00, 0x00, 0x00, 0x00, 
    0x00, 0x00, 0x00, 0x00, 0x48, 0x48, 0x48, 0x08, 0x29, 0x29, 0x29, 0x5B, 
    0x1F, 0x1F, 0x1F, 0xA0, 0x19, 0x19, 0x19, 0xB9, 0x17, 0x17, 0x17, 0xB9, 
    0x17, 0x17, 0x17, 0xB9, 0x07, 0x07, 0x07, 0xE4, 0x00, 0x00, 0x00, 0xFF, 
    0x00, 0x00, 0x00, 0xFF, 0x00, 0x00, 0x00, 0xFF, 0x00, 0x00, 0x00, 0xFF, 
    0x00, 0x00, 0x00, 0xFF, 0x00, 0x00, 0x00, 0xFF, 0x00, 0x00, 0x00, 0xFF, 
    0x09, 0x09, 0x09, 0xE4, 0x17, 0x17, 0x17, 0xB9, 0x17, 0x17, 0x17, 0xB9, 
    0x18, 0x18, 0x18, 0xB9, 0x1F, 0x1F, 0x1F, 0xA7, 0x27, 0x27, 0x27, 0x61, 
    0x3B, 0x3B, 0x3B, 0x09, 0x00, 0x00, 0x00, 0x00, 0x00, 0x00, 0x00, 0x00, 
    0x00, 0x00, 0x00, 0x00, 0x1A, 0x1A, 0x1A, 0x26, 0x15, 0x15, 0x15, 0xD2, 
    0x00, 0x00, 0x00, 0xFF, 0x00, 0x00, 0x00, 0xFF, 0x00, 0x00, 0x00, 0xFF, 
    0x00, 0x00, 0x00, 0xFF, 0x00, 0x00, 0x00, 0xFF, 0x00, 0x00, 0x00, 0xFF, 
    0x00, 0x00, 0x00, 0xFF, 0x00, 0x00, 0x00, 0xFF, 0x00, 0x00, 0x00, 0xFF, 
    0x00, 0x00, 0x00, 0xFF, 0x00, 0x00, 0x00, 0xFF, 0x00, 0x00, 0x00, 0xFF, 
    0x00, 0x00, 0x00, 0xFF, 0x00, 0x00, 0x00, 0xFF, 0x00, 0x00, 0x00, 0xFF, 
    0x00, 0x00, 0x00, 0xFF, 0x00, 0x00, 0x00, 0xFF, 0x00, 0x00, 0x00, 0xFF, 
    0x00, 0x00, 0x00, 0xFF, 0x17, 0x17, 0x17, 0xD8, 0x14, 0x14, 0x14, 0x26, 
    0x00, 0x00, 0x00, 0x00, 0x2B, 0x2B, 0x2B, 0x0F, 0x0E, 0x0E, 0x0E, 0xDD, 
    0x00, 0x00, 0x00, 0xFF, 0x00, 0x00, 0x00, 0xFF, 0x00, 0x00, 0x00, 0xFF, 
    0x00, 0x00, 0x00, 0xFF, 0x00, 0x00, 0x00, 0xFF, 0x00, 0x00, 0x00, 0xFF, 
    0x00, 0x00, 0x00, 0xFF, 0x00, 0x00, 0x00, 0xFF, 0x00, 0x00, 0x00, 0xFF, 
    0x00, 0x00, 0x00, 0xFF, 0x00, 0x00, 0x00, 0xFF, 0x00, 0x00, 0x00, 0xFF, 
    0x00, 0x00, 0x00, 0xFF, 0x00, 0x00, 0x00, 0xFF, 0x00, 0x00, 0x00, 0xFF, 
    0x00, 0x00, 0x00, 0xFF, 0x00, 0x00, 0x00, 0xFF, 0x00, 0x00, 0x00, 0xFF, 
    0x00, 0x00, 0x00, 0xFF, 0x00, 0x00, 0x00, 0xFF, 0x00, 0x00, 0x00, 0xFF, 
    0x13, 0x13, 0x13, 0xDE, 0x38, 0x38, 0x38, 0x0F, 0x20, 0x20, 0x20, 0x74, 
    0x00, 0x00, 0x00, 0xFF, 0x00, 0x00, 0x00, 0xFF, 0x00, 0x00, 0x00, 0xFF, 
    0x00, 0x00, 0x00, 0xFF, 0x00, 0x00, 0x00, 0xFF, 0x00, 0x00, 0x00, 0xFF, 
    0x00, 0x00, 0x00, 0xFF, 0x00, 0x00, 0x00, 0xFF, 0x00, 0x00, 0x00, 0xFF, 
    0x00, 0x00, 0x00, 0xFF, 0x00, 0x00, 0x00, 0xFF, 0x00, 0x00, 0x00, 0xFF, 
    0x00, 0x00, 0x00, 0xFF, 0x00, 0x00, 0x00, 0xFF, 0x00, 0x00, 0x00, 0xFF, 
    0x00, 0x00, 0x00, 0xFF, 0x00, 0x00, 0x00, 0xFF, 0x00, 0x00, 0x00, 0xFF, 
    0x00, 0x00, 0x00, 0xFF, 0x00, 0x00, 0x00, 0xFF, 0x00, 0x00, 0x00, 0xFF, 
    0x00, 0x00, 0x00, 0xFF, 0x00, 0x00, 0x00, 0xFF, 0x24, 0x24, 0x24, 0x7A, 
    0x1D, 0x1D, 0x1D, 0xB8, 0x00, 0x00, 0x00, 0xFF, 0x00, 0x00, 0x00, 0xFF, 
    0x00, 0x00, 0x00, 0xFF, 0x16, 0x16, 0x16, 0xBA, 0x04, 0x04, 0x04, 0x57, 
    0x04, 0x04, 0x04, 0x57, 0x04, 0x04, 0x04, 0x57, 0x04, 0x04, 0x04, 0x57, 
    0x04, 0x04, 0x04, 0x57, 0x04, 0x04, 0x04, 0x57, 0x04, 0x04, 0x04, 0x57, 
    0x04, 0x04, 0x04, 0x57, 0x04, 0x04, 0x04, 0x57, 0x04, 0x04, 0x04, 0x57, 
    0x04, 0x04, 0x04, 0x57, 0x04, 0x04, 0x04, 0x57, 0x04, 0x04, 0x04, 0x57, 
    0x04, 0x04, 0x04, 0x57, 0x04, 0x04, 0x04, 0x57, 0x17, 0x17, 0x17, 0xB9, 
    0x00, 0x00, 0x00, 0xFF, 0x00, 0x00, 0x00, 0xFF, 0x00, 0x00, 0x00, 0xFF, 
    0x13, 0x13, 0x13, 0xC2, 0x12, 0x12, 0x12, 0xD4, 0x00, 0x00, 0x00, 0xFF, 
    0x00, 0x00, 0x00, 0xFF, 0x00, 0x00, 0x00, 0xFF, 0x07, 0x07, 0x07, 0x47, 
    0x00, 0x00, 0x00, 0x00, 0x00, 0x00, 0x00, 0x00, 0x00, 0x00, 0x00, 0x00, 
    0x00, 0x00, 0x00, 0x00, 0x00, 0x00, 0x00, 0x00, 0x00, 0x00, 0x00, 0x00, 
    0x00, 0x00, 0x00, 0x00, 0x00, 0x00, 0x00, 0x00, 0x00, 0x00, 0x00, 0x00, 
    0x00, 0x00, 0x00, 0x00, 0x00, 0x00, 0x00, 0x00, 0x00, 0x00, 0x00, 0x00, 
    0x00, 0x00, 0x00, 0x00, 0x00, 0x00, 0x00, 0x00, 0x00, 0x00, 0x00, 0x00, 
    0x1F, 0x1F, 0x1F, 0x47, 0x00, 0x00, 0x00, 0xFF, 0x00, 0x00, 0x00, 0xFF, 
    0x00, 0x00, 0x00, 0xFF, 0x02, 0x02, 0x02, 0xD4, 0x02, 0x02, 0x02, 0xD4, 
    0x00, 0x00, 0x00, 0xFF, 0x00, 0x00, 0x00, 0xFF, 0x00, 0x00, 0x00, 0xFF, 
    0x05, 0x05, 0x05, 0x46, 0x00, 0x00, 0x00, 0x00, 0x00, 0x00, 0x00, 0x00, 
    0x00, 0x00, 0x00, 0x00, 0x00, 0x00, 0x00, 0x00, 0x00, 0x00, 0x00, 0x00, 
    0x00, 0x00, 0x00, 0x00, 0x00, 0x00, 0x00, 0x00, 0x00, 0x00, 0x00, 0x00, 
    0x00, 0x00, 0x00, 0x00, 0x00, 0x00, 0x00, 0x00, 0x00, 0x00, 0x00, 0x00, 
    0x00, 0x00, 0x00, 0x00, 0x00, 0x00, 0x00, 0x00, 0x00, 0x00, 0x00, 0x00, 
    0x00, 0x00, 0x00, 0x00, 0x22, 0x22, 0x22, 0x46, 0x00, 0x00, 0x00, 0xFF, 
    0x00, 0x00, 0x00, 0xFF, 0x00, 0x00, 0x00, 0xFF, 0x02, 0x02, 0x02, 0xD4, 
    0x02, 0x02, 0x02, 0xD4, 0x00, 0x00, 0x00, 0xFF, 0x00, 0x00, 0x00, 0xFF, 
    0x00, 0x00, 0x00, 0xFF, 0x05, 0x05, 0x05, 0x46, 0x00, 0x00, 0x00, 0x00, 
    0x00, 0x00, 0x00, 0x00, 0x00, 0x00, 0x00, 0x00, 0x00, 0x00, 0x00, 0x00, 
    0x00, 0x00, 0x00, 0x00, 0x00, 0x00, 0x00, 0x00, 0x00, 0x00, 0x00, 0x00, 
    0x00, 0x00, 0x00, 0x00, 0x00, 0x00, 0x00, 0x00, 0x00, 0x00, 0x00, 0x00, 
    0x00, 0x00, 0x00, 0x00, 0x00, 0x00, 0x00, 0x00, 0x00, 0x00, 0x00, 0x00, 
    0x00, 0x00, 0x00, 0x00, 0x00, 0x00, 0x00, 0x00, 0x22, 0x22, 0x22, 0x46, 
    0x00, 0x00, 0x00, 0xFF, 0x00, 0x00, 0x00, 0xFF, 0x00, 0x00, 0x00, 0xFF, 
    0x02, 0x02, 0x02, 0xD4, 0x02, 0x02, 0x02, 0xD4, 0x00, 0x00, 0x00, 0xFF, 
    0x00, 0x00, 0x00, 0xFF, 0x00, 0x00, 0x00, 0xFF, 0x05, 0x05, 0x05, 0x46, 
    0x00, 0x00, 0x00, 0x00, 0x00, 0x00, 0x00, 0x00, 0x00, 0x00, 0x00, 0x00, 
    0x00, 0x00, 0x00, 0x00, 0x00, 0x00, 0x00, 0x00, 0x00, 0x00, 0x00, 0x00, 
    0x00, 0x00, 0x00, 0x00, 0x00, 0x00, 0x00, 0x00, 0x00, 0x00, 0x00, 0x00, 
    0x00, 0x00, 0x00, 0x00, 0x00, 0x00, 0x00, 0x00, 0x00, 0x00, 0x00, 0x00, 
    0x00, 0x00, 0x00, 0x00, 0x00, 0x00, 0x00, 0x00, 0x00, 0x00, 0x00, 0x00, 
    0x22, 0x22, 0x22, 0x46, 0x00, 0x00, 0x00, 0xFF, 0x00, 0x00, 0x00, 0xFF, 
    0x00, 0x00, 0x00, 0xFF, 0x02, 0x02, 0x02, 0xD4, 0x02, 0x02, 0x02, 0xD4, 
    0x00, 0x00, 0x00, 0xFF, 0x00, 0x00, 0x00, 0xFF, 0x00, 0x00, 0x00, 0xFF, 
    0x05, 0x05, 0x05, 0x46, 0x00, 0x00, 0x00, 0x00, 0x00, 0x00, 0x00, 0x00, 
    0x00, 0x00, 0x00, 0x00, 0x00, 0x00, 0x00, 0x00, 0x00, 0x00, 0x00, 0x00, 
    0x00, 0x00, 0x00, 0x00, 0x00, 0x00, 0x00, 0x00, 0x00, 0x00, 0x00, 0x00, 
    0x00, 0x00, 0x00, 0x00, 0x00, 0x00, 0x00, 0x00, 0x00, 0x00, 0x00, 0x00, 
    0x00, 0x00, 0x00, 0x00, 0x00, 0x00, 0x00, 0x00, 0x00, 0x00, 0x00, 0x00, 
    0x00, 0x00, 0x00, 0x00, 0x22, 0x22, 0x22, 0x46, 0x00, 0x00, 0x00, 0xFF, 
    0x00, 0x00, 0x00, 0xFF, 0x00, 0x00, 0x00, 0xFF, 0x02, 0x02, 0x02, 0xD4, 
    0x02, 0x02, 0x02, 0xD4, 0x00, 0x00, 0x00, 0xFF, 0x00, 0x00, 0x00, 0xFF, 
    0x00, 0x00, 0x00, 0xFF, 0x05, 0x05, 0x05, 0x46, 0x00, 0x00, 0x00, 0x00, 
    0x00, 0x00, 0x00, 0x00, 0x00, 0x00, 0x00, 0x00, 0x00, 0x00, 0x00, 0x00, 
    0x00, 0x00, 0x00, 0x00, 0x00, 0x00, 0x00, 0x00, 0x00, 0x00, 0x00, 0x00, 
    0x00, 0x00, 0x00, 0x00, 0x00, 0x00, 0x00, 0x00, 0x00, 0x00, 0x00, 0x00, 
    0x00, 0x00, 0x00, 0x00, 0x00, 0x00, 0x00, 0x00, 0x00, 0x00, 0x00, 0x00, 
    0x00, 0x00, 0x00, 0x00, 0x00, 0x00, 0x00, 0x00, 0x22, 0x22, 0x22, 0x46, 
    0x00, 0x00, 0x00, 0xFF, 0x00, 0x00, 0x00, 0xFF, 0x00, 0x00, 0x00, 0xFF, 
    0x02, 0x02, 0x02, 0xD4, 0x02, 0x02, 0x02, 0xD4, 0x00, 0x00, 0x00, 0xFF, 
    0x00, 0x00, 0x00, 0xFF, 0x00, 0x00, 0x00, 0xFF, 0x05, 0x05, 0x05, 0x46, 
    0x00, 0x00, 0x00, 0x00, 0x00, 0x00, 0x00, 0x00, 0x00, 0x00, 0x00, 0x00, 
    0x00, 0x00, 0x00, 0x00, 0x00, 0x00, 0x00, 0x00, 0x00, 0x00, 0x00, 0x00, 
    0x00, 0x00, 0x00, 0x00, 0x00, 0x00, 0x00, 0x00, 0x00, 0x00, 0x00, 0x00, 
    0x00, 0x00, 0x00, 0x00, 0x00, 0x00, 0x00, 0x00, 0x00, 0x00, 0x00, 0x00, 
    0x00, 0x00, 0x00, 0x00, 0x00, 0x00, 0x00, 0x00, 0x00, 0x00, 0x00, 0x00, 
    0x22, 0x22, 0x22, 0x46, 0x00, 0x00, 0x00, 0xFF, 0x00, 0x00, 0x00, 0xFF, 
    0x00, 0x00, 0x00, 0xFF, 0x02, 0x02, 0x02, 0xD4, 0x02, 0x02, 0x02, 0xD4, 
    0x00, 0x00, 0x00, 0xFF, 0x00, 0x00, 0x00, 0xFF, 0x00, 0x00, 0x00, 0xFF, 
    0x05, 0x05, 0x05, 0x46, 0x00, 0x00, 0x00, 0x00, 0x00, 0x00, 0x00, 0x00, 
    0x28, 0x28, 0x28, 0x08, 0x25, 0x25, 0x25, 0x6D, 0x04, 0x04, 0x04, 0x8A, 
    0x03, 0x03, 0x03, 0x8A, 0x03, 0x03, 0x03, 0x8A, 0x03, 0x03, 0x03, 0x8A, 
    0x03, 0x03, 0x03, 0x8A, 0x03, 0x03, 0x03, 0x8A, 0x03, 0x03, 0x03, 0x8A, 
    0x24, 0x24, 0x24, 0x73, 0x22, 0x22, 0x22, 0x08, 0x00, 0x00, 0x00, 0x00, 
    0x00, 0x00, 0x00, 0x00, 0x22, 0x22, 0x22, 0x46, 0x00, 0x00, 0x00, 0xFF, 
    0x00, 0x00, 0x00, 0xFF, 0x00, 0x00, 0x00, 0xFF, 0x02, 0x02, 0x02, 0xD4, 
    0x02, 0x02, 0x02, 0xD4, 0x00, 0x00, 0x00, 0xFF, 0x00, 0x00, 0x00, 0xFF, 
    0x00, 0x00, 0x00, 0xFF, 0x05, 0x05, 0x05, 0x46, 0x00, 0x00, 0x00, 0x00, 
    0x00, 0x00, 0x00, 0x00, 0x17, 0x17, 0x17, 0x81, 0x00, 0x00, 0x00, 0xFF, 
    0x00, 0x00, 0x00, 0xFF, 0x00, 0x00, 0x00, 0xFF, 0x00, 0x00, 0x00, 0xFF, 
    0x00, 0x00, 0x00, 0xFF, 0x00, 0x00, 0x00, 0xFF, 0x00, 0x00, 0x00, 0xFF, 
    0x00, 0x00, 0x00, 0xFF, 0x00, 0x00, 0x00, 0xFF, 0x19, 0x19, 0x19, 0x81, 
    0x00, 0x00, 0x00, 0x00, 0x00, 0x00, 0x00, 0x00, 0x22, 0x22, 0x22, 0x46, 
    0x00, 0x00, 0x00, 0xFF, 0x00, 0x00, 0x00, 0xFF, 0x00, 0x00, 0x00, 0xFF, 
    0x02, 0x02, 0x02, 0xD4, 0x02, 0x02, 0x02, 0xD4, 0x00, 0x00, 0x00, 0xFF, 
    0x00, 0x00, 0x00, 0xFF, 0x00, 0x00, 0x00, 0xFF, 0x05, 0x05, 0x05, 0x46, 
    0x00, 0x00, 0x00, 0x00, 0x00, 0x00, 0x00, 0x00, 0x00, 0x00, 0x00, 0x99, 
    0x00, 0x00, 0x00, 0xFF, 0x00, 0x00, 0x00, 0xFF, 0x00, 0x00, 0x00, 0xFF, 
    0x00, 0x00, 0x00, 0xFF, 0x00, 0x00, 0x00, 0xFF, 0x00, 0x00, 0x00, 0xFF, 
    0x00, 0x00, 0x00, 0xFF, 0x00, 0x00, 0x00, 0xFF, 0x00, 0x00, 0x00, 0xFF, 
    0x00, 0x00, 0x00, 0x99, 0x00, 0x00, 0x00, 0x00, 0x00, 0x00, 0x00, 0x00, 
    0x22, 0x22, 0x22, 0x46, 0x00, 0x00, 0x00, 0xFF, 0x00, 0x00, 0x00, 0xFF, 
    0x00, 0x00, 0x00, 0xFF, 0x02, 0x02, 0x02, 0xD4, 0x02, 0x02, 0x02, 0xD4, 
    0x00, 0x00, 0x00, 0xFF, 0x00, 0x00, 0x00, 0xFF, 0x00, 0x00, 0x00, 0xFF, 
    0x05, 0x05, 0x05, 0x46, 0x00, 0x00, 0x00, 0x00, 0x00, 0x00, 0x00, 0x00, 
    0x00, 0x00, 0x00, 0x99, 0x00, 0x00, 0x00, 0xFF, 0x00, 0x00, 0x00, 0xFF, 
    0x00, 0x00, 0x00, 0xFF, 0x00, 0x00, 0x00, 0xFF, 0x00, 0x00, 0x00, 0xFF, 
    0x00, 0x00, 0x00, 0xFF, 0x00, 0x00, 0x00, 0xFF, 0x00, 0x00, 0x00, 0xFF, 
    0x00, 0x00, 0x00, 0xFF, 0x00, 0x00, 0x00, 0x99, 0x00, 0x00, 0x00, 0x00, 
    0x00, 0x00, 0x00, 0x00, 0x22, 0x22, 0x22, 0x46, 0x00, 0x00, 0x00, 0xFF, 
    0x00, 0x00, 0x00, 0xFF, 0x00, 0x00, 0x00, 0xFF, 0x02, 0x02, 0x02, 0xD4, 
    0x02, 0x02, 0x02, 0xD4, 0x00, 0x00, 0x00, 0xFF, 0x00, 0x00, 0x00, 0xFF, 
    0x00, 0x00, 0x00, 0xFF, 0x05, 0x05, 0x05, 0x46, 0x00, 0x00, 0x00, 0x00, 
    0x00, 0x00, 0x00, 0x00, 0x00, 0x00, 0x00, 0x99, 0x00, 0x00, 0x00, 0xFF, 
    0x00, 0x00, 0x00, 0xFF, 0x00, 0x00, 0x00, 0xFF, 0x00, 0x00, 0x00, 0xFF, 
    0x00, 0x00, 0x00, 0xFF, 0x00, 0x00, 0x00, 0xFF, 0x00, 0x00, 0x00, 0xFF, 
    0x00, 0x00, 0x00, 0xFF, 0x00, 0x00, 0x00, 0xFF, 0x00, 0x00, 0x00, 0x99, 
    0x00, 0x00, 0x00, 0x00, 0x00, 0x00, 0x00, 0x00, 0x22, 0x22, 0x22, 0x46, 
    0x00, 0x00, 0x00, 0xFF, 0x00, 0x00, 0x00, 0xFF, 0x00, 0x00, 0x00, 0xFF, 
    0x02, 0x02, 0x02, 0xD4, 0x02, 0x02, 0x02, 0xD4, 0x00, 0x00, 0x00, 0xFF, 
    0x00, 0x00, 0x00, 0xFF, 0x00, 0x00, 0x00, 0xFF, 0x05, 0x05, 0x05, 0x46, 
    0x00, 0x00, 0x00, 0x00, 0x00, 0x00, 0x00, 0x00, 0x00, 0x00, 0x00, 0x99, 
    0x00, 0x00, 0x00, 0xFF, 0x00, 0x00, 0x00, 0xFF, 0x00, 0x00, 0x00, 0xFF, 
    0x00, 0x00, 0x00, 0xFF, 0x00, 0x00, 0x00, 0xFF, 0x00, 0x00, 0x00, 0xFF, 
    0x00, 0x00, 0x00, 0xFF, 0x00, 0x00, 0x00, 0xFF, 0x00, 0x00, 0x00, 0xFF, 
    0x00, 0x00, 0x00, 0x99, 0x00, 0x00, 0x00, 0x00, 0x00, 0x00, 0x00, 0x00, 
    0x22, 0x22, 0x22, 0x46, 0x00, 0x00, 0x00, 0xFF, 0x00, 0x00, 0x00, 0xFF, 
    0x00, 0x00, 0x00, 0xFF, 0x02, 0x02, 0x02, 0xD4, 0x02, 0x02, 0x02, 0xD4, 
    0x00, 0x00, 0x00, 0xFF, 0x00, 0x00, 0x00, 0xFF, 0x00, 0x00, 0x00, 0xFF, 
    0x05, 0x05, 0x05, 0x46, 0x00, 0x00, 0x00, 0x00, 0x00, 0x00, 0x00, 0x00, 
    0x00, 0x00, 0x00, 0x99, 0x00, 0x00, 0x00, 0xFF, 0x00, 0x00, 0x00, 0xFF, 
    0x00, 0x00, 0x00, 0xFF, 0x00, 0x00, 0x00, 0xFF, 0x00, 0x00, 0x00, 0xFF, 
    0x00, 0x00, 0x00, 0xFF, 0x00, 0x00, 0x00, 0xFF, 0x00, 0x00, 0x00, 0xFF, 
    0x00, 0x00, 0x00, 0xFF, 0x00, 0x00, 0x00, 0x99, 0x00, 0x00, 0x00, 0x00, 
    0x00, 0x00, 0x00, 0x00, 0x22, 0x22, 0x22, 0x46, 0x00, 0x00, 0x00, 0xFF, 
    0x00, 0x00, 0x00, 0xFF, 0x00, 0x00, 0x00, 0xFF, 0x02, 0x02, 0x02, 0xD4, 
    0x02, 0x02, 0x02, 0xD4, 0x00, 0x00, 0x00, 0xFF, 0x00, 0x00, 0x00, 0xFF, 
    0x00, 0x00, 0x00, 0xFF, 0x05, 0x05, 0x05, 0x46, 0x00, 0x00, 0x00, 0x00, 
    0x00, 0x00, 0x00, 0x00, 0x00, 0x00, 0x00, 0x99, 0x00, 0x00, 0x00, 0xFF, 
    0x00, 0x00, 0x00, 0xFF, 0x00, 0x00, 0x00, 0xFF, 0x00, 0x00, 0x00, 0xFF, 
    0x00, 0x00, 0x00, 0xFF, 0x00, 0x00, 0x00, 0xFF, 0x00, 0x00, 0x00, 0xFF, 
    0x00, 0x00, 0x00, 0xFF, 0x00, 0x00, 0x00, 0xFF, 0x00, 0x00, 0x00, 0x99, 
    0x00, 0x00, 0x00, 0x00, 0x00, 0x00, 0x00, 0x00, 0x22, 0x22, 0x22, 0x46, 
    0x00, 0x00, 0x00, 0xFF, 0x00, 0x00, 0x00, 0xFF, 0x00, 0x00, 0x00, 0xFF, 
    0x02, 0x02, 0x02, 0xD4, 0x02, 0x02, 0x02, 0xD4, 0x00, 0x00, 0x00, 0xFF, 
    0x00, 0x00, 0x00, 0xFF, 0x00, 0x00, 0x00, 0xFF, 0x05, 0x05, 0x05, 0x46, 
    0x00, 0x00, 0x00, 0x00, 0x00, 0x00, 0x00, 0x00, 0x00, 0x00, 0x00, 0x99, 
    0x00, 0x00, 0x00, 0xFF, 0x00, 0x00, 0x00, 0xFF, 0x00, 0x00, 0x00, 0xFF, 
    0x00, 0x00, 0x00, 0xFF, 0x00, 0x00, 0x00, 0xFF, 0x00, 0x00, 0x00, 0xFF, 
    0x00, 0x00, 0x00, 0xFF, 0x00, 0x00, 0x00, 0xFF, 0x00, 0x00, 0x00, 0xFF, 
    0x00, 0x00, 0x00, 0x99, 0x00, 0x00, 0x00, 0x00, 0x00, 0x00, 0x00, 0x00, 
    0x22, 0x22, 0x22, 0x46, 0x00, 0x00, 0x00, 0xFF, 0x00, 0x00, 0x00, 0xFF, 
    0x00, 0x00, 0x00, 0xFF, 0x02, 0x02, 0x02, 0xD4, 0x02, 0x02, 0x02, 0xD4, 
    0x00, 0x00, 0x00, 0xFF, 0x00, 0x00, 0x00, 0xFF, 0x00, 0x00, 0x00, 0xFF, 
    0x05, 0x05, 0x05, 0x46, 0x00, 0x00, 0x00, 0x00, 0x00, 0x00, 0x00, 0x00, 
    0x00, 0x00, 0x00, 0x99, 0x00, 0x00, 0x00, 0xFF, 0x00, 0x00, 0x00, 0xFF, 
    0x00, 0x00, 0x00, 0xFF, 0x00, 0x00, 0x00, 0xFF, 0x00, 0x00, 0x00, 0xFF, 
    0x00, 0x00, 0x00, 0xFF, 0x00, 0x00, 0x00, 0xFF, 0x00, 0x00, 0x00, 0xFF, 
    0x00, 0x00, 0x00, 0xFF, 0x00, 0x00, 0x00, 0x99, 0x00, 0x00, 0x00, 0x00, 
    0x00, 0x00, 0x00, 0x00, 0x22, 0x22, 0x22, 0x46, 0x00, 0x00, 0x00, 0xFF, 
    0x00, 0x00, 0x00, 0xFF, 0x00, 0x00, 0x00, 0xFF, 0x02, 0x02, 0x02, 0xD4, 
    0x02, 0x02, 0x02, 0xD4, 0x00, 0x00, 0x00, 0xFF, 0x00, 0x00, 0x00, 0xFF, 
    0x00, 0x00, 0x00, 0xFF, 0x05, 0x05, 0x05, 0x46, 0x00, 0x00, 0x00, 0x00, 
    0x00, 0x00, 0x00, 0x00, 0x00, 0x00, 0x00, 0x99, 0x00, 0x00, 0x00, 0xFF, 
    0x00, 0x00, 0x00, 0xFF, 0x00, 0x00, 0x00, 0xFF, 0x00, 0x00, 0x00, 0xFF, 
    0x00, 0x00, 0x00, 0xFF, 0x00, 0x00, 0x00, 0xFF, 0x00, 0x00, 0x00, 0xFF, 
    0x00, 0x00, 0x00, 0xFF, 0x00, 0x00, 0x00, 0xFF, 0x00, 0x00, 0x00, 0x99, 
    0x00, 0x00, 0x00, 0x00, 0x00, 0x00, 0x00, 0x00, 0x22, 0x22, 0x22, 0x46, 
    0x00, 0x00, 0x00, 0xFF, 0x00, 0x00, 0x00, 0xFF, 0x00, 0x00, 0x00, 0xFF, 
    0x02, 0x02, 0x02, 0xD4, 0x02, 0x02, 0x02, 0xD4, 0x00, 0x00, 0x00, 0xFF, 
    0x00, 0x00, 0x00, 0xFF, 0x00, 0x00, 0x00, 0xFF, 0x05, 0x05, 0x05, 0x46, 
    0x00, 0x00, 0x00, 0x00, 0x00, 0x00, 0x00, 0x00, 0x00, 0x00, 0x00, 0x99, 
    0x00, 0x00, 0x00, 0xFF, 0x00, 0x00, 0x00, 0xFF, 0x00, 0x00, 0x00, 0xFF, 
    0x00, 0x00, 0x00, 0xFF, 0x00, 0x00, 0x00, 0xFF, 0x00, 0x00, 0x00, 0xFF, 
    0x00, 0x00, 0x00, 0xFF, 0x00, 0x00, 0x00, 0xFF, 0x00, 0x00, 0x00, 0xFF, 
    0x00, 0x00, 0x00, 0x99, 0x00, 0x00, 0x00, 0x00, 0x00, 0x00, 0x00, 0x00, 
    0x22, 0x22, 0x22, 0x46, 0x00, 0x00, 0x00, 0xFF, 0x00, 0x00, 0x00, 0xFF, 
    0x00, 0x00, 0x00, 0xFF, 0x02, 0x02, 0x02, 0xD4, 0x02, 0x02, 0x02, 0xD4, 
    0x00, 0x00, 0x00, 0xFF, 0x00, 0x00, 0x00, 0xFF, 0x00, 0x00, 0x00, 0xFF, 
    0x05, 0x05, 0x05, 0x46, 0x00, 0x00, 0x00, 0x00, 0x00, 0x00, 0x00, 0x00, 
    0x00, 0x00, 0x00, 0x99, 0x00, 0x00, 0x00, 0xFF, 0x00, 0x00, 0x00, 0xFF, 
    0x00, 0x00, 0x00, 0xFF, 0x00, 0x00, 0x00, 0xFF, 0x00, 0x00, 0x00, 0xFF, 
    0x00, 0x00, 0x00, 0xFF, 0x00, 0x00, 0x00, 0xFF, 0x00, 0x00, 0x00, 0xFF, 
    0x00, 0x00, 0x00, 0xFF, 0x00, 0x00, 0x00, 0x99, 0x00, 0x00, 0x00, 0x00, 
    0x00, 0x00, 0x00, 0x00, 0x22, 0x22, 0x22, 0x46, 0x00, 0x00, 0x00, 0xFF, 
    0x00, 0x00, 0x00, 0xFF, 0x00, 0x00, 0x00, 0xFF, 0x02, 0x02, 0x02, 0xD4, 
    0x02, 0x02, 0x02, 0xD4, 0x00, 0x00, 0x00, 0xFF, 0x00, 0x00, 0x00, 0xFF, 
    0x00, 0x00, 0x00, 0xFF, 0x05, 0x05, 0x05, 0x46, 0x00, 0x00, 0x00, 0x00, 
    0x00, 0x00, 0x00, 0x00, 0x00, 0x00, 0x00, 0x99, 0x00, 0x00, 0x00, 0xFF, 
    0x00, 0x00, 0x00, 0xFF, 0x00, 0x00, 0x00, 0xFF, 0x00, 0x00, 0x00, 0xFF, 
    0x00, 0x00, 0x00, 0xFF, 0x00, 0x00, 0x00, 0xFF, 0x00, 0x00, 0x00, 0xFF, 
    0x00, 0x00, 0x00, 0xFF, 0x00, 0x00, 0x00, 0xFF, 0x00, 0x00, 0x00, 0x99, 
    0x00, 0x00, 0x00, 0x00, 0x00, 0x00, 0x00, 0x00, 0x22, 0x22, 0x22, 0x46, 
    0x00, 0x00, 0x00, 0xFF, 0x00, 0x00, 0x00, 0xFF, 0x00, 0x00, 0x00, 0xFF, 
    0x02, 0x02, 0x02, 0xD4, 0x02, 0x02, 0x02, 0xD4, 0x00, 0x00, 0x00, 0xFF, 
    0x00, 0x00, 0x00, 0xFF, 0x00, 0x00, 0x00, 0xFF, 0x05, 0x05, 0x05, 0x46, 
    0x00, 0x00, 0x00, 0x00, 0x00, 0x00, 0x00, 0x00, 0x00, 0x00, 0x00, 0x99, 
    0x00, 0x00, 0x00, 0xFF, 0x00, 0x00, 0x00, 0xFF, 0x00, 0x00, 0x00, 0xFF, 
    0x00, 0x00, 0x00, 0xFF, 0x00, 0x00, 0x00, 0xFF, 0x00, 0x00, 0x00, 0xFF, 
    0x00, 0x00, 0x00, 0xFF, 0x00, 0x00, 0x00, 0xFF, 0x00, 0x00, 0x00, 0xFF, 
    0x00, 0x00, 0x00, 0x99, 0x00, 0x00, 0x00, 0x00, 0x00, 0x00, 0x00, 0x00, 
    0x22, 0x22, 0x22, 0x46, 0x00, 0x00, 0x00, 0xFF, 0x00, 0x00, 0x00, 0xFF, 
    0x00, 0x00, 0x00, 0xFF, 0x02, 0x02, 0x02, 0xD4, 0x02, 0x02, 0x02, 0xD4, 
    0x00, 0x00, 0x00, 0xFF, 0x00, 0x00, 0x00, 0xFF, 0x00, 0x00, 0x00, 0xFF, 
    0x05, 0x05, 0x05, 0x46, 0x00, 0x00, 0x00, 0x00, 0x00, 0x00, 0x00, 0x00, 
    0x00, 0x00, 0x00, 0x99, 0x00, 0x00, 0x00, 0xFF, 0x00, 0x00, 0x00, 0xFF, 
    0x00, 0x00, 0x00, 0xFF, 0x00, 0x00, 0x00, 0xFF, 0x00, 0x00, 0x00, 0xFF, 
    0x00, 0x00, 0x00, 0xFF, 0x00, 0x00, 0x00, 0xFF, 0x00, 0x00, 0x00, 0xFF, 
    0x00, 0x00, 0x00, 0xFF, 0x00, 0x00, 0x00, 0x99, 0x00, 0x00, 0x00, 0x00, 
    0x00, 0x00, 0x00, 0x00, 0x22, 0x22, 0x22, 0x46, 0x00, 0x00, 0x00, 0xFF, 
    0x00, 0x00, 0x00, 0xFF, 0x00, 0x00, 0x00, 0xFF, 0x02, 0x02, 0x02, 0xD4, 
    0x02, 0x02, 0x02, 0xD4, 0x00, 0x00, 0x00, 0xFF, 0x00, 0x00, 0x00, 0xFF, 
    0x00, 0x00, 0x00, 0xFF, 0x05, 0x05, 0x05, 0x46, 0x00, 0x00, 0x00, 0x00, 
    0x00, 0x00, 0x00, 0x00, 0x0E, 0x0E, 0x0E, 0x8D, 0x00, 0x00, 0x00, 0xFF, 
    0x00, 0x00, 0x00, 0xFF, 0x00, 0x00, 0x00, 0xFF, 0x00, 0x00, 0x00, 0xFF, 
    0x00, 0x00, 0x00, 0xFF, 0x00, 0x00, 0x00, 0xFF, 0x00, 0x00, 0x00, 0xFF, 
    0x00, 0x00, 0x00, 0xFF, 0x00, 0x00, 0x00, 0xFF, 0x18, 0x18, 0x18, 0x92, 
    0x00, 0x00, 0x00, 0x00, 0x00, 0x00, 0x00, 0x00, 0x22, 0x22, 0x22, 0x46, 
    0x00, 0x00, 0x00, 0xFF, 0x00, 0x00, 0x00, 0xFF, 0x00, 0x00, 0x00, 0xFF, 
    0x02, 0x02, 0x02, 0xD4, 0x02, 0x02, 0x02, 0xD4, 0x00, 0x00, 0x00, 0xFF, 
    0x00, 0x00, 0x00, 0xFF, 0x00, 0x00, 0x00, 0xFF, 0x05, 0x05, 0x05, 0x46, 
    0x00, 0x00, 0x00, 0x00, 0x00, 0x00, 0x00, 0x00, 0x04, 0x04, 0x04, 0x14, 
    0x0F, 0x0F, 0x0F, 0x9E, 0x08, 0x08, 0x08, 0xAF, 0x08, 0x08, 0x08, 0xAF, 
    0x08, 0x08, 0x08, 0xAF, 0x08, 0x08, 0x08, 0xAF, 0x08, 0x08, 0x08, 0xAF, 
    0x08, 0x08, 0x08, 0xAF, 0x08, 0x08, 0x08, 0xAF, 0x16, 0x16, 0x16, 0x9F, 
    0x0C, 0x0C, 0x0C, 0x14, 0x00, 0x00, 0x00, 0x00, 0x00, 0x00, 0x00, 0x00, 
    0x22, 0x22, 0x22, 0x46, 0x00, 0x00, 0x00, 0xFF, 0x00, 0x00, 0x00, 0xFF, 
    0x00, 0x00, 0x00, 0xFF, 0x02, 0x02, 0x02, 0xD4, 0x02, 0x02, 0x02, 0xD4, 
    0x00, 0x00, 0x00, 0xFF, 0x00, 0x00, 0x00, 0xFF, 0x00, 0x00, 0x00, 0xFF, 
    0x05, 0x05, 0x05, 0x46, 0x00, 0x00, 0x00, 0x00, 0x00, 0x00, 0x00, 0x00, 
    0x00, 0x00, 0x00, 0x00, 0x00, 0x00, 0x00, 0x00, 0x00, 0x00, 0x00, 0x00, 
    0x00, 0x00, 0x00, 0x00, 0x00, 0x00, 0x00, 0x00, 0x00, 0x00, 0x00, 0x00, 
    0x00, 0x00, 0x00, 0x00, 0x00, 0x00, 0x00, 0x00, 0x00, 0x00, 0x00, 0x00, 
    0x00, 0x00, 0x00, 0x00, 0x00, 0x00, 0x00, 0x00, 0x00, 0x00, 0x00, 0x00, 
    0x00, 0x00, 0x00, 0x00, 0x22, 0x22, 0x22, 0x46, 0x00, 0x00, 0x00, 0xFF, 
    0x00, 0x00, 0x00, 0xFF, 0x00, 0x00, 0x00, 0xFF, 0x02, 0x02, 0x02, 0xD4, 
    0x10, 0x10, 0x10, 0xD4, 0x00, 0x00, 0x00, 0xFF, 0x00, 0x00, 0x00, 0xFF, 
    0x00, 0x00, 0x00, 0xFF, 0x05, 0x05, 0x05, 0x46, 0x00, 0x00, 0x00, 0x00, 
    0x00, 0x00, 0x00, 0x00, 0x00, 0x00, 0x00, 0x00, 0x00, 0x00, 0x00, 0x00, 
    0x00, 0x00, 0x00, 0x00, 0x00, 0x00, 0x00, 0x00, 0x00, 0x00, 0x00, 0x00, 
    0x00, 0x00, 0x00, 0x00, 0x00, 0x00, 0x00, 0x00, 0x00, 0x00, 0x00, 0x00, 
    0x00, 0x00, 0x00, 0x00, 0x00, 0x00, 0x00, 0x00, 0x00, 0x00, 0x00, 0x00, 
    0x00, 0x00, 0x00, 0x00, 0x00, 0x00, 0x00, 0x00, 0x20, 0x20, 0x20, 0x46, 
    0x00, 0x00, 0x00, 0xFF, 0x00, 0x00, 0x00, 0xFF, 0x00, 0x00, 0x00, 0xFF, 
    0x02, 0x02, 0x02, 0xD4, 0x1E, 0x1E, 0x1E, 0xBD, 0x00, 0x00, 0x00, 0xFF, 
    0x00, 0x00, 0x00, 0xFF, 0x00, 0x00, 0x00, 0xFF, 0x18, 0x18, 0x18, 0xA4, 
    0x2B, 0x2B, 0x2B, 0x39, 0x2F, 0x2F, 0x2F, 0x39, 0x2F, 0x2F, 0x2F, 0x39, 
    0x2F, 0x2F, 0x2F, 0x39, 0x2F, 0x2F, 0x2F, 0x39, 0x2F, 0x2F, 0x2F, 0x39, 
    0x2F, 0x2F, 0x2F, 0x39, 0x2F, 0x2F, 0x2F, 0x39, 0x2F, 0x2F, 0x2F, 0x39, 
    0x2F, 0x2F, 0x2F, 0x39, 0x2F, 0x2F, 0x2F, 0x39, 0x2F, 0x2F, 0x2F, 0x39, 
    0x2F, 0x2F, 0x2F, 0x39, 0x2F, 0x2F, 0x2F, 0x39, 0x2A, 0x2A, 0x2A, 0x39, 
    0x16, 0x16, 0x16, 0xA4, 0x00, 0x00, 0x00, 0xFF, 0x00, 0x00, 0x00, 0xFF, 
    0x00, 0x00, 0x00, 0xFF, 0x12, 0x12, 0x12, 0xC9, 0x1D, 0x1D, 0x1D, 0x80, 
    0x00, 0x00, 0x00, 0xFF, 0x00, 0x00, 0x00, 0xFF, 0x00, 0x00, 0x00, 0xFF, 
    0x00, 0x00, 0x00, 0xFF, 0x01, 0x01, 0x01, 0xFF, 0x01, 0x01, 0x01, 0xFF, 
    0x01, 0x01, 0x01, 0xFF, 0x01, 0x01, 0x01, 0xFF, 0x01, 0x01, 0x01, 0xFF, 
    0x01, 0x01, 0x01, 0xFF, 0x01, 0x01, 0x01, 0xFF, 0x01, 0x01, 0x01, 0xFF, 
    0x01, 0x01, 0x01, 0xFF, 0x01, 0x01, 0x01, 0xFF, 0x01, 0x01, 0x01, 0xFF, 
    0x01, 0x01, 0x01, 0xFF, 0x01, 0x01, 0x01, 0xFF, 0x01, 0x01, 0x01, 0xFF, 
    0x01, 0x01, 0x01, 0xFF, 0x00, 0x00, 0x00, 0xFF, 0x00, 0x00, 0x00, 0xFF, 
    0x00, 0x00, 0x00, 0xFF, 0x00, 0x00, 0x00, 0xFF, 0x1D, 0x1D, 0x1D, 0x88, 
    0x2C, 0x2C, 0x2C, 0x17, 0x0E, 0x0E, 0x0E, 0xEA, 0x00, 0x00, 0x00, 0xFF, 
    0x00, 0x00, 0x00, 0xFF, 0x00, 0x00, 0x00, 0xFF, 0x00, 0x00, 0x00, 0xFF, 
    0x00, 0x00, 0x00, 0xFF, 0x00, 0x00, 0x00, 0xFF, 0x00, 0x00, 0x00, 0xFF, 
    0x00, 0x00, 0x00, 0xFF, 0x00, 0x00, 0x00, 0xFF, 0x00, 0x00, 0x00, 0xFF, 
    0x00, 0x00, 0x00, 0xFF, 0x00, 0x00, 0x00, 0xFF, 0x00, 0x00, 0x00, 0xFF, 
    0x00, 0x00, 0x00, 0xFF, 0x00, 0x00, 0x00, 0xFF, 0x00, 0x00, 0x00, 0xFF, 
    0x00, 0x00, 0x00, 0xFF, 0x00, 0x00, 0x00, 0xFF, 0x00, 0x00, 0x00, 0xFF, 
    0x00, 0x00, 0x00, 0xFF, 0x00, 0x00, 0x00, 0xFF, 0x0B, 0x0B, 0x0B, 0xEC, 
    0x2A, 0x2A, 0x2A, 0x18, 0x00, 0x00, 0x00, 0x00, 0x16, 0x16, 0x16, 0x37, 
    0x0B, 0x0B, 0x0B, 0xE8, 0x00, 0x00, 0x00, 0xFF, 0x00, 0x00, 0x00, 0xFF, 
    0x00, 0x00, 0x00, 0xFF, 0x00, 0x00, 0x00, 0xFF, 0x00, 0x00, 0x00, 0xFF, 
    0x00, 0x00, 0x00, 0xFF, 0x00, 0x00, 0x00, 0xFF, 0x00, 0x00, 0x00, 0xFF, 
    0x00, 0x00, 0x00, 0xFF, 0x00, 0x00, 0x00, 0xFF, 0x00, 0x00, 0x00, 0xFF, 
    0x00, 0x00, 0x00, 0xFF, 0x00, 0x00, 0x00, 0xFF, 0x00, 0x00, 0x00, 0xFF, 
    0x00, 0x00, 0x00, 0xFF, 0x00, 0x00, 0x00, 0xFF, 0x00, 0x00, 0x00, 0xFF, 
    0x00, 0x00, 0x00, 0xFF, 0x00, 0x00, 0x00, 0xFF, 0x0D, 0x0D, 0x0D, 0xEB, 
    0x05, 0x05, 0x05, 0x37, 0x00, 0x00, 0x00, 0x00, 0x00, 0x00, 0x00, 0x00, 
    0x00, 0x00, 0x00, 0x00, 0x2F, 0x2F, 0x2F, 0x15, 0x1A, 0x1A, 0x1A, 0x84, 
    0x12, 0x12, 0x12, 0xC7, 0x02, 0x02, 0x02, 0xD5, 0x02, 0x02, 0x02, 0xD5, 
    0x02, 0x02, 0x02, 0xD5, 0x02, 0x02, 0x02, 0xD5, 0x02, 0x02, 0x02, 0xD5, 
    0x02, 0x02, 0x02, 0xD5, 0x02, 0x02, 0x02, 0xD5, 0x02, 0x02, 0x02, 0xD5, 
    0x02, 0x02, 0x02, 0xD5, 0x02, 0x02, 0x02, 0xD5, 0x02, 0x02, 0x02, 0xD5, 
    0x02, 0x02, 0x02, 0xD5, 0x02, 0x02, 0x02, 0xD5, 0x02, 0x02, 0x02, 0xD5, 
    0x02, 0x02, 0x02, 0xD5, 0x14, 0x14, 0x14, 0xC2, 0x1F, 0x1F, 0x1F, 0x82, 
    0x31, 0x31, 0x31, 0x16, 0x00, 0x00, 0x00, 0x00, 0x00, 0x00, 0x00, 0x00, 
};
static const unsigned int BatThreeQuarterImage_len = 3900;
//--------------------------------
// BatHalfImage --------------------------------
#define BatHalfImage_W 25
#define BatHalfImage_H 39

static const unsigned char BatHalfImage[] = {
    0x00, 0x00, 0x00, 0x00, 0x00, 0x00, 0x00, 0x00, 0x00, 0x00, 0x00, 0x00, 
    0x00, 0x00, 0x00, 0x00, 0x00, 0x00, 0x00, 0x00, 0x00, 0x00, 0x00, 0x00, 
    0x00, 0x00, 0x00, 0x00, 0x00, 0x00, 0x00, 0x00, 0x67, 0x67, 0x67, 0x04, 
    0x1B, 0x1B, 0x1B, 0x78, 0x1C, 0x1C, 0x1C, 0xB5, 0x25, 0x25, 0x25, 0xBC, 
    0x25, 0x25, 0x25, 0xBC, 0x25, 0x25, 0x25, 0xBC, 0x1E, 0x1E, 0x1E, 0xB6, 
    0x24, 0x24, 0x24, 0x85, 0x3A, 0x3A, 0x3A, 0x08, 0x00, 0x00, 0x00, 0x00, 
    0x00, 0x00, 0x00, 0x00, 0x00, 0x00, 0x00, 0x00, 0x00, 0x00, 0x00, 0x00, 
    0x00, 0x00, 0x00, 0x00, 0x00, 0x00, 0x00, 0x00, 0x00, 0x00, 0x00, 0x00, 
    0x00, 0x00, 0x00, 0x00, 0x00, 0x00, 0x00, 0x00, 0x00, 0x00, 0x00, 0x00, 
    0x00, 0x00, 0x00, 0x00, 0x00, 0x00, 0x00, 0x00, 0x00, 0x00, 0x00, 0x00, 
    0x00, 0x00, 0x00, 0x00, 0x00, 0x00, 0x00, 0x00, 0x00, 0x00, 0x00, 0x00, 
    0x20, 0x20, 0x20, 0x6B, 0x00, 0x00, 0x00, 0xFF, 0x00, 0x00, 0x00, 0xFF, 
    0x00, 0x00, 0x00, 0xFF, 0x00, 0x00, 0x00, 0xFF, 0x00, 0x00, 0x00, 0xFF, 
    0x00, 0x00, 0x00, 0xFF, 0x00, 0x00, 0x00, 0xFF, 0x23, 0x23, 0x23, 0x74, 
    0x00, 0x00, 0x00, 0x00, 0x00, 0x00, 0x00, 0x00, 0x00, 0x00, 0x00, 0x00, 
    0x00, 0x00, 0x00, 0x00, 0x00, 0x00, 0x00, 0x00, 0x00, 0x00, 0x00, 0x00, 
    0x00, 0x00, 0x00, 0x00, 0x00, 0x00, 0x00, 0x00, 0x00, 0x00, 0x00, 0x00, 
    0x00, 0x00, 0x00, 0x00, 0x49, 0x49, 0x49, 0x09, 0x29, 0x29, 0x29, 0x5C, 
    0x20, 0x20, 0x20, 0xA1, 0x19, 0x19, 0x19, 0xB9, 0x17, 0x17, 0x17, 0xB9, 
    0x17, 0x17, 0x17, 0xB9, 0x07, 0x07, 0x07, 0xE4, 0x00, 0x00, 0x00, 0xFF, 
    0x00, 0x00, 0x00, 0xFF, 0x00, 0x00, 0x00, 0xFF, 0x00, 0x00, 0x00, 0xFF, 
    0x00, 0x00, 0x00, 0xFF, 0x00, 0x00, 0x00, 0xFF, 0x00, 0x00, 0x00, 0xFF, 
    0x09, 0x09, 0x09, 0xE4, 0x17, 0x17, 0x17, 0xB9, 0x17, 0x17, 0x17, 0xB9, 
    0x18, 0x18, 0x18, 0xB9, 0x1F, 0x1F, 0x1F, 0xA8, 0x27, 0x27, 0x27, 0x61, 
    0x3C, 0x3C, 0x3C, 0x09, 0x00, 0x00, 0x00, 0x00, 0x00, 0x00, 0x00, 0x00, 
    0x00, 0x00, 0x00, 0x00, 0x1A, 0x1A, 0x1A, 0x26, 0x16, 0x16, 0x16, 0xD3, 
    0x00, 0x00, 0x00, 0xFF, 0x00, 0x00, 0x00, 0xFF, 0x00, 0x00, 0x00, 0xFF, 
    0x00, 0x00, 0x00, 0xFF, 0x00, 0x00, 0x00, 0xFF, 0x00, 0x00, 0x00, 0xFF, 
    0x00, 0x00, 0x00, 0xFF, 0x00, 0x00, 0x00, 0xFF, 0x00, 0x00, 0x00, 0xFF, 
    0x00, 0x00, 0x00, 0xFF, 0x00, 0x00, 0x00, 0xFF, 0x00, 0x00, 0x00, 0xFF, 
    0x00, 0x00, 0x00, 0xFF, 0x00, 0x00, 0x00, 0xFF, 0x00, 0x00, 0x00, 0xFF, 
    0x00, 0x00, 0x00, 0xFF, 0x00, 0x00, 0x00, 0xFF, 0x00, 0x00, 0x00, 0xFF, 
    0x00, 0x00, 0x00, 0xFF, 0x18, 0x18, 0x18, 0xD8, 0x14, 0x14, 0x14, 0x26, 
    0x00, 0x00, 0x00, 0x00, 0x2C, 0x2C, 0x2C, 0x0F, 0x0F, 0x0F, 0x0F, 0xDD, 
    0x00, 0x00, 0x00, 0xFF, 0x00, 0x00, 0x00, 0xFF, 0x00, 0x00, 0x00, 0xFF, 
    0x00, 0x00, 0x00, 0xFF, 0x00, 0x00, 0x00, 0xFF, 0x00, 0x00, 0x00, 0xFF, 
    0x00, 0x00, 0x00, 0xFF, 0x00, 0x00, 0x00, 0xFF, 0x00, 0x00, 0x00, 0xFF, 
    0x00, 0x00, 0x00, 0xFF, 0x00, 0x00, 0x00, 0xFF, 0x00, 0x00, 0x00, 0xFF, 
    0x00, 0x00, 0x00, 0xFF, 0x00, 0x00, 0x00, 0xFF, 0x00, 0x00, 0x00, 0xFF, 
    0x00, 0x00, 0x00, 0xFF, 0x00, 0x00, 0x00, 0xFF, 0x00, 0x00, 0x00, 0xFF, 
    0x00, 0x00, 0x00, 0xFF, 0x00, 0x00, 0x00, 0xFF, 0x00, 0x00, 0x00, 0xFF, 
    0x13, 0x13, 0x13, 0xDE, 0x39, 0x39, 0x39, 0x0F, 0x21, 0x21, 0x21, 0x75, 
    0x00, 0x00, 0x00, 0xFF, 0x00, 0x00, 0x00, 0xFF, 0x00, 0x00, 0x00, 0xFF, 
    0x00, 0x00, 0x00, 0xFF, 0x00, 0x00, 0x00, 0xFF, 0x00, 0x00, 0x00, 0xFF, 
    0x00, 0x00, 0x00, 0xFF, 0x00, 0x00, 0x00, 0xFF, 0x00, 0x00, 0x00, 0xFF, 
    0x00, 0x00, 0x00, 0xFF, 0x00, 0x00, 0x00, 0xFF, 0x00, 0x00, 0x00, 0xFF, 
    0x00, 0x00, 0x00, 0xFF, 0x00, 0x00, 0x00, 0xFF, 0x00, 0x00, 0x00, 0xFF, 
    0x00, 0x00, 0x00, 0xFF, 0x00, 0x00, 0x00, 0xFF, 0x00, 0x00, 0x00, 0xFF, 
    0x00, 0x00, 0x00, 0xFF, 0x00, 0x00, 0x00, 0xFF, 0x00, 0x00, 0x00, 0xFF, 
    0x00, 0x00, 0x00, 0xFF, 0x00, 0x00, 0x00, 0xFF, 0x25, 0x25, 0x25, 0x7A, 
    0x1E, 0x1E, 0x1E, 0xB8, 0x00, 0x00, 0x00, 0xFF, 0x00, 0x00, 0x00, 0xFF, 
    0x00, 0x00, 0x00, 0xFF, 0x16, 0x16, 0x16, 0xBA, 0x04, 0x04, 0x04, 0x57, 
    0x04, 0x04, 0x04, 0x57, 0x04, 0x04, 0x04, 0x57, 0x04, 0x04, 0x04, 0x57, 
    0x04, 0x04, 0x04, 0x57, 0x04, 0x04, 0x04, 0x57, 0x04, 0x04, 0x04, 0x57, 
    0x04, 0x04, 0x04, 0x57, 0x04, 0x04, 0x04, 0x57, 0x04, 0x04, 0x04, 0x57, 
    0x04, 0x04, 0x04, 0x57, 0x04, 0x04, 0x04, 0x57, 0x04, 0x04, 0x04, 0x57, 
    0x04, 0x04, 0x04, 0x57, 0x04, 0x04, 0x04, 0x57, 0x17, 0x17, 0x17, 0xB9, 
    0x00, 0x00, 0x00, 0xFF, 0x00, 0x00, 0x00, 0xFF, 0x00, 0x00, 0x00, 0xFF, 
    0x13, 0x13, 0x13, 0xC3, 0x12, 0x12, 0x12, 0xD4, 0x00, 0x00, 0x00, 0xFF, 
    0x00, 0x00, 0x00, 0xFF, 0x00, 0x00, 0x00, 0xFF, 0x07, 0x07, 0x07, 0x47, 
    0x00, 0x00, 0x00, 0x00, 0x00, 0x00, 0x00, 0x00, 0x00, 0x00, 0x00, 0x00, 
    0x00, 0x00, 0x00, 0x00, 0x00, 0x00, 0x00, 0x00, 0x00, 0x00, 0x00, 0x00, 
    0x00, 0x00, 0x00, 0x00, 0x00, 0x00, 0x00, 0x00, 0x00, 0x00, 0x00, 0x00, 
    0x00, 0x00, 0x00, 0x00, 0x00, 0x00, 0x00, 0x00, 0x00, 0x00, 0x00, 0x00, 
    0x00, 0x00, 0x00, 0x00, 0x00, 0x00, 0x00, 0x00, 0x00, 0x00, 0x00, 0x00, 
    0x1F, 0x1F, 0x1F, 0x47, 0x00, 0x00, 0x00, 0xFF, 0x00, 0x00, 0x00, 0xFF, 
    0x00, 0x00, 0x00, 0xFF, 0x02, 0x02, 0x02, 0xD4, 0x02, 0x02, 0x02, 0xD4, 
    0x00, 0x00, 0x00, 0xFF, 0x00, 0x00, 0x00, 0xFF, 0x00, 0x00, 0x00, 0xFF, 
    0x05, 0x05, 0x05, 0x46, 0x00, 0x00, 0x00, 0x00, 0x00, 0x00, 0x00, 0x00, 
    0x00, 0x00, 0x00, 0x00, 0x00, 0x00, 0x00, 0x00, 0x00, 0x00, 0x00, 0x00, 
    0x00, 0x00, 0x00, 0x00, 0x00, 0x00, 0x00, 0x00, 0x00, 0x00, 0x00, 0x00, 
    0x00, 0x00, 0x00, 0x00, 0x00, 0x00, 0x00, 0x00, 0x00, 0x00, 0x00, 0x00, 
    0x00, 0x00, 0x00, 0x00, 0x00, 0x00, 0x00, 0x00, 0x00, 0x00, 0x00, 0x00, 
    0x00, 0x00, 0x00, 0x00, 0x22, 0x22, 0x22, 0x46, 0x00, 0x00, 0x00, 0xFF, 
    0x00, 0x00, 0x00, 0xFF, 0x00, 0x00, 0x00, 0xFF, 0x02, 0x02, 0x02, 0xD4, 
    0x02, 0x02, 0x02, 0xD4, 0x00, 0x00, 0x00, 0xFF, 0x00, 0x00, 0x00, 0xFF, 
    0x00, 0x00, 0x00, 0xFF, 0x05, 0x05, 0x05, 0x46, 0x00, 0x00, 0x00, 0x00, 
    0x00, 0x00, 0x00, 0x00, 0x00, 0x00, 0x00, 0x00, 0x00, 0x00, 0x00, 0x00, 
    0x00, 0x00, 0x00, 0x00, 0x00, 0x00, 0x00, 0x00, 0x00, 0x00, 0x00, 0x00, 
    0x00, 0x00, 0x00, 0x00, 0x00, 0x00, 0x00, 0x00, 0x00, 0x00, 0x00, 0x00, 
    0x00, 0x00, 0x00, 0x00, 0x00, 0x00, 0x00, 0x00, 0x00, 0x00, 0x00, 0x00, 
    0x00, 0x00, 0x00, 0x00, 0x00, 0x00, 0x00, 0x00, 0x22, 0x22, 0x22, 0x46, 
    0x00, 0x00, 0x00, 0xFF, 0x00, 0x00, 0x00, 0xFF, 0x00, 0x00, 0x00, 0xFF, 
    0x02, 0x02, 0x02, 0xD4, 0x02, 0x02, 0x02, 0xD4, 0x00, 0x00, 0x00, 0xFF, 
    0x00, 0x00, 0x00, 0xFF, 0x00, 0x00, 0x00, 0xFF, 0x05, 0x05, 0x05, 0x46, 
    0x00, 0x00, 0x00, 0x00, 0x00, 0x00, 0x00, 0x00, 0x00, 0x00, 0x00, 0x00, 
    0x00, 0x00, 0x00, 0x00, 0x00, 0x00, 0x00, 0x00, 0x00, 0x00, 0x00, 0x00, 
    0x00, 0x00, 0x00, 0x00, 0x00, 0x00, 0x00, 0x00, 0x00, 0x00, 0x00, 0x00, 
    0x00, 0x00, 0x00, 0x00, 0x00, 0x00, 0x00, 0x00, 0x00, 0x00, 0x00, 0x00, 
    0x00, 0x00, 0x00, 0x00, 0x00, 0x00, 0x00, 0x00, 0x00, 0x00, 0x00, 0x00, 
    0x22, 0x22, 0x22, 0x46, 0x00, 0x00, 0x00, 0xFF, 0x00, 0x00, 0x00, 0xFF, 
    0x00, 0x00, 0x00, 0xFF, 0x02, 0x02, 0x02, 0xD4, 0x02, 0x02, 0x02, 0xD4, 
    0x00, 0x00, 0x00, 0xFF, 0x00, 0x00, 0x00, 0xFF, 0x00, 0x00, 0x00, 0xFF, 
    0x05, 0x05, 0x05, 0x46, 0x00, 0x00, 0x00, 0x00, 0x00, 0x00, 0x00, 0x00, 
    0x00, 0x00, 0x00, 0x00, 0x00, 0x00, 0x00, 0x00, 0x00, 0x00, 0x00, 0x00, 
    0x00, 0x00, 0x00, 0x00, 0x00, 0x00, 0x00, 0x00, 0x00, 0x00, 0x00, 0x00, 
    0x00, 0x00, 0x00, 0x00, 0x00, 0x00, 0x00, 0x00, 0x00, 0x00, 0x00, 0x00, 
    0x00, 0x00, 0x00, 0x00, 0x00, 0x00, 0x00, 0x00, 0x00, 0x00, 0x00, 0x00, 
    0x00, 0x00, 0x00, 0x00, 0x22, 0x22, 0x22, 0x46, 0x00, 0x00, 0x00, 0xFF, 
    0x00, 0x00, 0x00, 0xFF, 0x00, 0x00, 0x00, 0xFF, 0x02, 0x02, 0x02, 0xD4, 
    0x02, 0x02, 0x02, 0xD4, 0x00, 0x00, 0x00, 0xFF, 0x00, 0x00, 0x00, 0xFF, 
    0x00, 0x00, 0x00, 0xFF, 0x05, 0x05, 0x05, 0x46, 0x00, 0x00, 0x00, 0x00, 
    0x00, 0x00, 0x00, 0x00, 0x00, 0x00, 0x00, 0x00, 0x00, 0x00, 0x00, 0x00, 
    0x00, 0x00, 0x00, 0x00, 0x00, 0x00, 0x00, 0x00, 0x00, 0x00, 0x00, 0x00, 
    0x00, 0x00, 0x00, 0x00, 0x00, 0x00, 0x00, 0x00, 0x00, 0x00, 0x00, 0x00, 
    0x00, 0x00, 0x00, 0x00, 0x00, 0x00, 0x00, 0x00, 0x00, 0x00, 0x00, 0x00, 
    0x00, 0x00, 0x00, 0x00, 0x00, 0x00, 0x00, 0x00, 0x22, 0x22, 0x22, 0x46, 
    0x00, 0x00, 0x00, 0xFF, 0x00, 0x00, 0x00, 0xFF, 0x00, 0x00, 0x00, 0xFF, 
    0x02, 0x02, 0x02, 0xD4, 0x02, 0x02, 0x02, 0xD4, 0x00, 0x00, 0x00, 0xFF, 
    0x00, 0x00, 0x00, 0xFF, 0x00, 0x00, 0x00, 0xFF, 0x05, 0x05, 0x05, 0x46, 
    0x00, 0x00, 0x00, 0x00, 0x00, 0x00, 0x00, 0x00, 0x00, 0x00, 0x00, 0x00, 
    0x00, 0x00, 0x00, 0x00, 0x00, 0x00, 0x00, 0x00, 0x00, 0x00, 0x00, 0x00, 
    0x00, 0x00, 0x00, 0x00, 0x00, 0x00, 0x00, 0x00, 0x00, 0x00, 0x00, 0x00, 
    0x00, 0x00, 0x00, 0x00, 0x00, 0x00, 0x00, 0x00, 0x00, 0x00, 0x00, 0x00, 
    0x00, 0x00, 0x00, 0x00, 0x00, 0x00, 0x00, 0x00, 0x00, 0x00, 0x00, 0x00, 
    0x22, 0x22, 0x22, 0x46, 0x00, 0x00, 0x00, 0xFF, 0x00, 0x00, 0x00, 0xFF, 
    0x00, 0x00, 0x00, 0xFF, 0x02, 0x02, 0x02, 0xD4, 0x02, 0x02, 0x02, 0xD4, 
    0x00, 0x00, 0x00, 0xFF, 0x00, 0x00, 0x00, 0xFF, 0x00, 0x00, 0x00, 0xFF, 
    0x05, 0x05, 0x05, 0x46, 0x00, 0x00, 0x00, 0x00, 0x00, 0x00, 0x00, 0x00, 
    0x00, 0x00, 0x00, 0x00, 0x00, 0x00, 0x00, 0x00, 0x00, 0x00, 0x00, 0x00, 
    0x00, 0x00, 0x00, 0x00, 0x00, 0x00, 0x00, 0x00, 0x00, 0x00, 0x00, 0x00, 
    0x00, 0x00, 0x00, 0x00, 0x00, 0x00, 0x00, 0x00, 0x00, 0x00, 0x00, 0x00, 
    0x00, 0x00, 0x00, 0x00, 0x00, 0x00, 0x00, 0x00, 0x00, 0x00, 0x00, 0x00, 
    0x00, 0x00, 0x00, 0x00, 0x22, 0x22, 0x22, 0x46, 0x00, 0x00, 0x00, 0xFF, 
    0x00, 0x00, 0x00, 0xFF, 0x00, 0x00, 0x00, 0xFF, 0x02, 0x02, 0x02, 0xD4, 
    0x02, 0x02, 0x02, 0xD4, 0x00, 0x00, 0x00, 0xFF, 0x00, 0x00, 0x00, 0xFF, 
    0x00, 0x00, 0x00, 0xFF, 0x05, 0x05, 0x05, 0x46, 0x00, 0x00, 0x00, 0x00, 
    0x00, 0x00, 0x00, 0x00, 0x00, 0x00, 0x00, 0x00, 0x00, 0x00, 0x00, 0x00, 
    0x00, 0x00, 0x00, 0x00, 0x00, 0x00, 0x00, 0x00, 0x00, 0x00, 0x00, 0x00, 
    0x00, 0x00, 0x00, 0x00, 0x00, 0x00, 0x00, 0x00, 0x00, 0x00, 0x00, 0x00, 
    0x00, 0x00, 0x00, 0x00, 0x00, 0x00, 0x00, 0x00, 0x00, 0x00, 0x00, 0x00, 
    0x00, 0x00, 0x00, 0x00, 0x00, 0x00, 0x00, 0x00, 0x22, 0x22, 0x22, 0x46, 
    0x00, 0x00, 0x00, 0xFF, 0x00, 0x00, 0x00, 0xFF, 0x00, 0x00, 0x00, 0xFF, 
    0x02, 0x02, 0x02, 0xD4, 0x02, 0x02, 0x02, 0xD4, 0x00, 0x00, 0x00, 0xFF, 
    0x00, 0x00, 0x00, 0xFF, 0x00, 0x00, 0x00, 0xFF, 0x05, 0x05, 0x05, 0x46, 
    0x00, 0x00, 0x00, 0x00, 0x00, 0x00, 0x00, 0x00, 0x00, 0x00, 0x00, 0x00, 
    0x00, 0x00, 0x00, 0x00, 0x00, 0x00, 0x00, 0x00, 0x00, 0x00, 0x00, 0x00, 
    0x00, 0x00, 0x00, 0x00, 0x00, 0x00, 0x00, 0x00, 0x00, 0x00, 0x00, 0x00, 
    0x00, 0x00, 0x00, 0x00, 0x00, 0x00, 0x00, 0x00, 0x00, 0x00, 0x00, 0x00, 
    0x00, 0x00, 0x00, 0x00, 0x00, 0x00, 0x00, 0x00, 0x00, 0x00, 0x00, 0x00, 
    0x22, 0x22, 0x22, 0x46, 0x00, 0x00, 0x00, 0xFF, 0x00, 0x00, 0x00, 0xFF, 
    0x00, 0x00, 0x00, 0xFF, 0x02, 0x02, 0x02, 0xD4, 0x02, 0x02, 0x02, 0xD4, 
    0x00, 0x00, 0x00, 0xFF, 0x00, 0x00, 0x00, 0xFF, 0x00, 0x00, 0x00, 0xFF, 
    0x05, 0x05, 0x05, 0x46, 0x00, 0x00, 0x00, 0x00, 0x00, 0x00, 0x00, 0x00, 
    0x00, 0x00, 0x00, 0x00, 0x00, 0x00, 0x00, 0x00, 0x00, 0x00, 0x00, 0x00, 
    0x00, 0x00, 0x00, 0x00, 0x00, 0x00, 0x00, 0x00, 0x00, 0x00, 0x00, 0x00, 
    0x00, 0x00, 0x00, 0x00, 0x00, 0x00, 0x00, 0x00, 0x00, 0x00, 0x00, 0x00, 
    0x00, 0x00, 0x00, 0x00, 0x00, 0x00, 0x00, 0x00, 0x00, 0x00, 0x00, 0x00, 
    0x00, 0x00, 0x00, 0x00, 0x22, 0x22, 0x22, 0x46, 0x00, 0x00, 0x00, 0xFF, 
    0x00, 0x00, 0x00, 0xFF, 0x00, 0x00, 0x00, 0xFF, 0x02, 0x02, 0x02, 0xD4, 
    0x02, 0x02, 0x02, 0xD4, 0x00, 0x00, 0x00, 0xFF, 0x00, 0x00, 0x00, 0xFF, 
    0x00, 0x00, 0x00, 0xFF, 0x05, 0x05, 0x05, 0x46, 0x00, 0x00, 0x00, 0x00, 
    0x00, 0x00, 0x00, 0x00, 0x00, 0x00, 0x00, 0x00, 0x00, 0x00, 0x00, 0x00, 
    0x00, 0x00, 0x00, 0x00, 0x00, 0x00, 0x00, 0x00, 0x00, 0x00, 0x00, 0x00, 
    0x00, 0x00, 0x00, 0x00, 0x00, 0x00, 0x00, 0x00, 0x00, 0x00, 0x00, 0x00, 
    0x00, 0x00, 0x00, 0x00, 0x00, 0x00, 0x00, 0x00, 0x00, 0x00, 0x00, 0x00, 
    0x00, 0x00, 0x00, 0x00, 0x00, 0x00, 0x00, 0x00, 0x22, 0x22, 0x22, 0x46, 
    0x00, 0x00, 0x00, 0xFF, 0x00, 0x00, 0x00, 0xFF, 0x00, 0x00, 0x00, 0xFF, 
    0x02, 0x02, 0x02, 0xD4, 0x02, 0x02, 0x02, 0xD4, 0x00, 0x00, 0x00, 0xFF, 
    0x00, 0x00, 0x00, 0xFF, 0x00, 0x00, 0x00, 0xFF, 0x05, 0x05, 0x05, 0x46, 
    0x00, 0x00, 0x00, 0x00, 0x00, 0x00, 0x00, 0x00, 0x55, 0x55, 0x55, 0x06, 
    0x2A, 0x2A, 0x2A, 0x57, 0x37, 0x37, 0x37, 0x7E, 0x37, 0x37, 0x37, 0x7E, 
    0x37, 0x37, 0x37, 0x7E, 0x37, 0x37, 0x37, 0x7E, 0x37, 0x37, 0x37, 0x7E, 
    0x37, 0x37, 0x37, 0x7E, 0x37, 0x37, 0x37, 0x7E, 0x2C, 0x2C, 0x2C, 0x5A, 
    0x47, 0x47, 0x47, 0x06, 0x00, 0x00, 0x00, 0x00, 0x00, 0x00, 0x00, 0x00, 
    0x22, 0x22, 0x22, 0x46, 0x00, 0x00, 0x00, 0xFF, 0x00, 0x00, 0x00, 0xFF, 
    0x00, 0x00, 0x00, 0xFF, 0x02, 0x02, 0x02, 0xD4, 0x02, 0x02, 0x02, 0xD4, 
    0x00, 0x00, 0x00, 0xFF, 0x00, 0x00, 0x00, 0xFF, 0x00, 0x00, 0x00, 0xFF, 
    0x05, 0x05, 0x05, 0x46, 0x00, 0x00, 0x00, 0x00, 0x00, 0x00, 0x00, 0x00, 
    0x22, 0x22, 0x22, 0x7D, 0x00, 0x00, 0x00, 0xFF, 0x00, 0x00, 0x00, 0xFF, 
    0x00, 0x00, 0x00, 0xFF, 0x00, 0x00, 0x00, 0xFF, 0x00, 0x00, 0x00, 0xFF, 
    0x00, 0x00, 0x00, 0xFF, 0x00, 0x00, 0x00, 0xFF, 0x00, 0x00, 0x00, 0xFF, 
    0x00, 0x00, 0x00, 0xFF, 0x24, 0x24, 0x24, 0x79, 0x00, 0x00, 0x00, 0x00, 
    0x00, 0x00, 0x00, 0x00, 0x22, 0x22, 0x22, 0x46, 0x00, 0x00, 0x00, 0xFF, 
    0x00, 0x00, 0x00, 0xFF, 0x00, 0x00, 0x00, 0xFF, 0x02, 0x02, 0x02, 0xD4, 
    0x02, 0x02, 0x02, 0xD4, 0x00, 0x00, 0x00, 0xFF, 0x00, 0x00, 0x00, 0xFF, 
    0x00, 0x00, 0x00, 0xFF, 0x05, 0x05, 0x05, 0x46, 0x00, 0x00, 0x00, 0x00, 
    0x00, 0x00, 0x00, 0x00, 0x00, 0x00, 0x00, 0x99, 0x00, 0x00, 0x00, 0xFF, 
    0x00, 0x00, 0x00, 0xFF, 0x00, 0x00, 0x00, 0xFF, 0x00, 0x00, 0x00, 0xFF, 
    0x00, 0x00, 0x00, 0xFF, 0x00, 0x00, 0x00, 0xFF, 0x00, 0x00, 0x00, 0xFF, 
    0x00, 0x00, 0x00, 0xFF, 0x00, 0x00, 0x00, 0xFF, 0x00, 0x00, 0x00, 0x99, 
    0x00, 0x00, 0x00, 0x00, 0x00, 0x00, 0x00, 0x00, 0x22, 0x22, 0x22, 0x46, 
    0x00, 0x00, 0x00, 0xFF, 0x00, 0x00, 0x00, 0xFF, 0x00, 0x00, 0x00, 0xFF, 
    0x02, 0x02, 0x02, 0xD4, 0x02, 0x02, 0x02, 0xD4, 0x00, 0x00, 0x00, 0xFF, 
    0x00, 0x00, 0x00, 0xFF, 0x00, 0x00, 0x00, 0xFF, 0x05, 0x05, 0x05, 0x46, 
    0x00, 0x00, 0x00, 0x00, 0x00, 0x00, 0x00, 0x00, 0x00, 0x00, 0x00, 0x99, 
    0x00, 0x00, 0x00, 0xFF, 0x00, 0x00, 0x00, 0xFF, 0x00, 0x00, 0x00, 0xFF, 
    0x00, 0x00, 0x00, 0xFF, 0x00, 0x00, 0x00, 0xFF, 0x00, 0x00, 0x00, 0xFF, 
    0x00, 0x00, 0x00, 0xFF, 0x00, 0x00, 0x00, 0xFF, 0x00, 0x00, 0x00, 0xFF, 
    0x00, 0x00, 0x00, 0x99, 0x00, 0x00, 0x00, 0x00, 0x00, 0x00, 0x00, 0x00, 
    0x22, 0x22, 0x22, 0x46, 0x00, 0x00, 0x00, 0xFF, 0x00, 0x00, 0x00, 0xFF, 
    0x00, 0x00, 0x00, 0xFF, 0x02, 0x02, 0x02, 0xD4, 0x02, 0x02, 0x02, 0xD4, 
    0x00, 0x00, 0x00, 0xFF, 0x00, 0x00, 0x00, 0xFF, 0x00, 0x00, 0x00, 0xFF, 
    0x05, 0x05, 0x05, 0x46, 0x00, 0x00, 0x00, 0x00, 0x00, 0x00, 0x00, 0x00, 
    0x00, 0x00, 0x00, 0x99, 0x00, 0x00, 0x00, 0xFF, 0x00, 0x00, 0x00, 0xFF, 
    0x00, 0x00, 0x00, 0xFF, 0x00, 0x00, 0x00, 0xFF, 0x00, 0x00, 0x00, 0xFF, 
    0x00, 0x00, 0x00, 0xFF, 0x00, 0x00, 0x00, 0xFF, 0x00, 0x00, 0x00, 0xFF, 
    0x00, 0x00, 0x00, 0xFF, 0x00, 0x00, 0x00, 0x99, 0x00, 0x00, 0x00, 0x00, 
    0x00, 0x00, 0x00, 0x00, 0x22, 0x22, 0x22, 0x46, 0x00, 0x00, 0x00, 0xFF, 
    0x00, 0x00, 0x00, 0xFF, 0x00, 0x00, 0x00, 0xFF, 0x02, 0x02, 0x02, 0xD4, 
    0x02, 0x02, 0x02, 0xD4, 0x00, 0x00, 0x00, 0xFF, 0x00, 0x00, 0x00, 0xFF, 
    0x00, 0x00, 0x00, 0xFF, 0x05, 0x05, 0x05, 0x46, 0x00, 0x00, 0x00, 0x00, 
    0x00, 0x00, 0x00, 0x00, 0x00, 0x00, 0x00, 0x99, 0x00, 0x00, 0x00, 0xFF, 
    0x00, 0x00, 0x00, 0xFF, 0x00, 0x00, 0x00, 0xFF, 0x00, 0x00, 0x00, 0xFF, 
    0x00, 0x00, 0x00, 0xFF, 0x00, 0x00, 0x00, 0xFF, 0x00, 0x00, 0x00, 0xFF, 
    0x00, 0x00, 0x00, 0xFF, 0x00, 0x00, 0x00, 0xFF, 0x00, 0x00, 0x00, 0x99, 
    0x00, 0x00, 0x00, 0x00, 0x00, 0x00, 0x00, 0x00, 0x22, 0x22, 0x22, 0x46, 
    0x00, 0x00, 0x00, 0xFF, 0x00, 0x00, 0x00, 0xFF, 0x00, 0x00, 0x00, 0xFF, 
    0x02, 0x02, 0x02, 0xD4, 0x02, 0x02, 0x02, 0xD4, 0x00, 0x00, 0x00, 0xFF, 
    0x00, 0x00, 0x00, 0xFF, 0x00, 0x00, 0x00, 0xFF, 0x05, 0x05, 0x05, 0x46, 
    0x00, 0x00, 0x00, 0x00, 0x00, 0x00, 0x00, 0x00, 0x00, 0x00, 0x00, 0x99, 
    0x00, 0x00, 0x00, 0xFF, 0x00, 0x00, 0x00, 0xFF, 0x00, 0x00, 0x00, 0xFF, 
    0x00, 0x00, 0x00, 0xFF, 0x00, 0x00, 0x00, 0xFF, 0x00, 0x00, 0x00, 0xFF, 
    0x00, 0x00, 0x00, 0xFF, 0x00, 0x00, 0x00, 0xFF, 0x00, 0x00, 0x00, 0xFF, 
    0x00, 0x00, 0x00, 0x99, 0x00, 0x00, 0x00, 0x00, 0x00, 0x00, 0x00, 0x00, 
    0x22, 0x22, 0x22, 0x46, 0x00, 0x00, 0x00, 0xFF, 0x00, 0x00, 0x00, 0xFF, 
    0x00, 0x00, 0x00, 0xFF, 0x02, 0x02, 0x02, 0xD4, 0x02, 0x02, 0x02, 0xD4, 
    0x00, 0x00, 0x00, 0xFF, 0x00, 0x00, 0x00, 0xFF, 0x00, 0x00, 0x00, 0xFF, 
    0x05, 0x05, 0x05, 0x46, 0x00, 0x00, 0x00, 0x00, 0x00, 0x00, 0x00, 0x00, 
    0x00, 0x00, 0x00, 0x99, 0x00, 0x00, 0x00, 0xFF, 0x00, 0x00, 0x00, 0xFF, 
    0x00, 0x00, 0x00, 0xFF, 0x00, 0x00, 0x00, 0xFF, 0x00, 0x00, 0x00, 0xFF, 
    0x00, 0x00, 0x00, 0xFF, 0x00, 0x00, 0x00, 0xFF, 0x00, 0x00, 0x00, 0xFF, 
    0x00, 0x00, 0x00, 0xFF, 0x00, 0x00, 0x00, 0x99, 0x00, 0x00, 0x00, 0x00, 
    0x00, 0x00, 0x00, 0x00, 0x22, 0x22, 0x22, 0x46, 0x00, 0x00, 0x00, 0xFF, 
    0x00, 0x00, 0x00, 0xFF, 0x00, 0x00, 0x00, 0xFF, 0x02, 0x02, 0x02, 0xD4, 
    0x02, 0x02, 0x02, 0xD4, 0x00, 0x00, 0x00, 0xFF, 0x00, 0x00, 0x00, 0xFF, 
    0x00, 0x00, 0x00, 0xFF, 0x05, 0x05, 0x05, 0x46, 0x00, 0x00, 0x00, 0x00, 
    0x00, 0x00, 0x00, 0x00, 0x00, 0x00, 0x00, 0x99, 0x00, 0x00, 0x00, 0xFF, 
    0x00, 0x00, 0x00, 0xFF, 0x00, 0x00, 0x00, 0xFF, 0x00, 0x00, 0x00, 0xFF, 
    0x00, 0x00, 0x00, 0xFF, 0x00, 0x00, 0x00, 0xFF, 0x00, 0x00, 0x00, 0xFF, 
    0x00, 0x00, 0x00, 0xFF, 0x00, 0x00, 0x00, 0xFF, 0x00, 0x00, 0x00, 0x99, 
    0x00, 0x00, 0x00, 0x00, 0x00, 0x00, 0x00, 0x00, 0x22, 0x22, 0x22, 0x46, 
    0x00, 0x00, 0x00, 0xFF, 0x00, 0x00, 0x00, 0xFF, 0x00, 0x00, 0x00, 0xFF, 
    0x02, 0x02, 0x02, 0xD4, 0x02, 0x02, 0x02, 0xD4, 0x00, 0x00, 0x00, 0xFF, 
    0x00, 0x00, 0x00, 0xFF, 0x00, 0x00, 0x00, 0xFF, 0x05, 0x05, 0x05, 0x46, 
    0x00, 0x00, 0x00, 0x00, 0x00, 0x00, 0x00, 0x00, 0x00, 0x00, 0x00, 0x99, 
    0x00, 0x00, 0x00, 0xFF, 0x00, 0x00, 0x00, 0xFF, 0x00, 0x00, 0x00, 0xFF, 
    0x00, 0x00, 0x00, 0xFF, 0x00, 0x00, 0x00, 0xFF, 0x00, 0x00, 0x00, 0xFF, 
    0x00, 0x00, 0x00, 0xFF, 0x00, 0x00, 0x00, 0xFF, 0x00, 0x00, 0x00, 0xFF, 
    0x00, 0x00, 0x00, 0x99, 0x00, 0x00, 0x00, 0x00, 0x00, 0x00, 0x00, 0x00, 
    0x22, 0x22, 0x22, 0x46, 0x00, 0x00, 0x00, 0xFF, 0x00, 0x00, 0x00, 0xFF, 
    0x00, 0x00, 0x00, 0xFF, 0x02, 0x02, 0x02, 0xD4, 0x02, 0x02, 0x02, 0xD4, 
    0x00, 0x00, 0x00, 0xFF, 0x00, 0x00, 0x00, 0xFF, 0x00, 0x00, 0x00, 0xFF, 
    0x05, 0x05, 0x05, 0x46, 0x00, 0x00, 0x00, 0x00, 0x00, 0x00, 0x00, 0x00, 
    0x00, 0x00, 0x00, 0x99, 0x00, 0x00, 0x00, 0xFF, 0x00, 0x00, 0x00, 0xFF, 
    0x00, 0x00, 0x00, 0xFF, 0x00, 0x00, 0x00, 0xFF, 0x00, 0x00, 0x00, 0xFF, 
    0x00, 0x00, 0x00, 0xFF, 0x00, 0x00, 0x00, 0xFF, 0x00, 0x00, 0x00, 0xFF, 
    0x00, 0x00, 0x00, 0xFF, 0x00, 0x00, 0x00, 0x99, 0x00, 0x00, 0x00, 0x00, 
    0x00, 0x00, 0x00, 0x00, 0x22, 0x22, 0x22, 0x46, 0x00, 0x00, 0x00, 0xFF, 
    0x00, 0x00, 0x00, 0xFF, 0x00, 0x00, 0x00, 0xFF, 0x02, 0x02, 0x02, 0xD4, 
    0x02, 0x02, 0x02, 0xD4, 0x00, 0x00, 0x00, 0xFF, 0x00, 0x00, 0x00, 0xFF, 
    0x00, 0x00, 0x00, 0xFF, 0x05, 0x05, 0x05, 0x46, 0x00, 0x00, 0x00, 0x00, 
    0x00, 0x00, 0x00, 0x00, 0x0E, 0x0E, 0x0E, 0x8D, 0x00, 0x00, 0x00, 0xFF, 
    0x00, 0x00, 0x00, 0xFF, 0x00, 0x00, 0x00, 0xFF, 0x00, 0x00, 0x00, 0xFF, 
    0x00, 0x00, 0x00, 0xFF, 0x00, 0x00, 0x00, 0xFF, 0x00, 0x00, 0x00, 0xFF, 
    0x00, 0x00, 0x00, 0xFF, 0x00, 0x00, 0x00, 0xFF, 0x18, 0x18, 0x18, 0x92, 
    0x00, 0x00, 0x00, 0x00, 0x00, 0x00, 0x00, 0x00, 0x22, 0x22, 0x22, 0x46, 
    0x00, 0x00, 0x00, 0xFF, 0x00, 0x00, 0x00, 0xFF, 0x00, 0x00, 0x00, 0xFF, 
    0x02, 0x02, 0x02, 0xD4, 0x02, 0x02, 0x02, 0xD4, 0x00, 0x00, 0x00, 0xFF, 
    0x00, 0x00, 0x00, 0xFF, 0x00, 0x00, 0x00, 0xFF, 0x05, 0x05, 0x05, 0x46, 
    0x00, 0x00, 0x00, 0x00, 0x00, 0x00, 0x00, 0x00, 0x04, 0x04, 0x04, 0x14, 
    0x0F, 0x0F, 0x0F, 0x9E, 0x08, 0x08, 0x08, 0xAF, 0x08, 0x08, 0x08, 0xAF, 
    0x08, 0x08, 0x08, 0xAF, 0x08, 0x08, 0x08, 0xAF, 0x08, 0x08, 0x08, 0xAF, 
    0x08, 0x08, 0x08, 0xAF, 0x08, 0x08, 0x08, 0xAF, 0x16, 0x16, 0x16, 0x9F, 
    0x0C, 0x0C, 0x0C, 0x14, 0x00, 0x00, 0x00, 0x00, 0x00, 0x00, 0x00, 0x00, 
    0x22, 0x22, 0x22, 0x46, 0x00, 0x00, 0x00, 0xFF, 0x00, 0x00, 0x00, 0xFF, 
    0x00, 0x00, 0x00, 0xFF, 0x02, 0x02, 0x02, 0xD4, 0x02, 0x02, 0x02, 0xD4, 
    0x00, 0x00, 0x00, 0xFF, 0x00, 0x00, 0x00, 0xFF, 0x00, 0x00, 0x00, 0xFF, 
    0x05, 0x05, 0x05, 0x46, 0x00, 0x00, 0x00, 0x00, 0x00, 0x00, 0x00, 0x00, 
    0x00, 0x00, 0x00, 0x00, 0x00, 0x00, 0x00, 0x00, 0x00, 0x00, 0x00, 0x00, 
    0x00, 0x00, 0x00, 0x00, 0x00, 0x00, 0x00, 0x00, 0x00, 0x00, 0x00, 0x00, 
    0x00, 0x00, 0x00, 0x00, 0x00, 0x00, 0x00, 0x00, 0x00, 0x00, 0x00, 0x00, 
    0x00, 0x00, 0x00, 0x00, 0x00, 0x00, 0x00, 0x00, 0x00, 0x00, 0x00, 0x00, 
    0x00, 0x00, 0x00, 0x00, 0x22, 0x22, 0x22, 0x46, 0x00, 0x00, 0x00, 0xFF, 
    0x00, 0x00, 0x00, 0xFF, 0x00, 0x00, 0x00, 0xFF, 0x02, 0x02, 0x02, 0xD4, 
    0x10, 0x10, 0x10, 0xD4, 0x00, 0x00, 0x00, 0xFF, 0x00, 0x00, 0x00, 0xFF, 
    0x00, 0x00, 0x00, 0xFF, 0x05, 0x05, 0x05, 0x46, 0x00, 0x00, 0x00, 0x00, 
    0x00, 0x00, 0x00, 0x00, 0x00, 0x00, 0x00, 0x00, 0x00, 0x00, 0x00, 0x00, 
    0x00, 0x00, 0x00, 0x00, 0x00, 0x00, 0x00, 0x00, 0x00, 0x00, 0x00, 0x00, 
    0x00, 0x00, 0x00, 0x00, 0x00, 0x00, 0x00, 0x00, 0x00, 0x00, 0x00, 0x00, 
    0x00, 0x00, 0x00, 0x00, 0x00, 0x00, 0x00, 0x00, 0x00, 0x00, 0x00, 0x00, 
    0x00, 0x00, 0x00, 0x00, 0x00, 0x00, 0x00, 0x00, 0x20, 0x20, 0x20, 0x46, 
    0x00, 0x00, 0x00, 0xFF, 0x00, 0x00, 0x00, 0xFF, 0x00, 0x00, 0x00, 0xFF, 
    0x02, 0x02, 0x02, 0xD4, 0x1F, 0x1F, 0x1F, 0xBE, 0x00, 0x00, 0x00, 0xFF, 
    0x00, 0x00, 0x00, 0xFF, 0x00, 0x00, 0x00, 0xFF, 0x18, 0x18, 0x18, 0xA4, 
    0x2B, 0x2B, 0x2B, 0x39, 0x2F, 0x2F, 0x2F, 0x39, 0x2F, 0x2F, 0x2F, 0x39, 
    0x2F, 0x2F, 0x2F, 0x39, 0x2F, 0x2F, 0x2F, 0x39, 0x2F, 0x2F, 0x2F, 0x39, 
    0x2F, 0x2F, 0x2F, 0x39, 0x2F, 0x2F, 0x2F, 0x39, 0x2F, 0x2F, 0x2F, 0x39, 
    0x2F, 0x2F, 0x2F, 0x39, 0x2F, 0x2F, 0x2F, 0x39, 0x2F, 0x2F, 0x2F, 0x39, 
    0x2F, 0x2F, 0x2F, 0x39, 0x2F, 0x2F, 0x2F, 0x39, 0x2A, 0x2A, 0x2A, 0x39, 
    0x16, 0x16, 0x16, 0xA4, 0x00, 0x00, 0x00, 0xFF, 0x00, 0x00, 0x00, 0xFF, 
    0x00, 0x00, 0x00, 0xFF, 0x12, 0x12, 0x12, 0xC9, 0x1E, 0x1E, 0x1E, 0x80, 
    0x00, 0x00, 0x00, 0xFF, 0x00, 0x00, 0x00, 0xFF, 0x00, 0x00, 0x00, 0xFF, 
    0x00, 0x00, 0x00, 0xFF, 0x01, 0x01, 0x01, 0xFF, 0x01, 0x01, 0x01, 0xFF, 
    0x01, 0x01, 0x01, 0xFF, 0x01, 0x01, 0x01, 0xFF, 0x01, 0x01, 0x01, 0xFF, 
    0x01, 0x01, 0x01, 0xFF, 0x01, 0x01, 0x01, 0xFF, 0x01, 0x01, 0x01, 0xFF, 
    0x01, 0x01, 0x01, 0xFF, 0x01, 0x01, 0x01, 0xFF, 0x01, 0x01, 0x01, 0xFF, 
    0x01, 0x01, 0x01, 0xFF, 0x01, 0x01, 0x01, 0xFF, 0x01, 0x01, 0x01, 0xFF, 
    0x01, 0x01, 0x01, 0xFF, 0x00, 0x00, 0x00, 0xFF, 0x00, 0x00, 0x00, 0xFF, 
    0x00, 0x00, 0x00, 0xFF, 0x00, 0x00, 0x00, 0xFF, 0x1D, 0x1D, 0x1D, 0x88, 
    0x2D, 0x2D, 0x2D, 0x17, 0x0F, 0x0F, 0x0F, 0xEB, 0x00, 0x00, 0x00, 0xFF, 
    0x00, 0x00, 0x00, 0xFF, 0x00, 0x00, 0x00, 0xFF, 0x00, 0x00, 0x00, 0xFF, 
    0x00, 0x00, 0x00, 0xFF, 0x00, 0x00, 0x00, 0xFF, 0x00, 0x00, 0x00, 0xFF, 
    0x00, 0x00, 0x00, 0xFF, 0x00, 0x00, 0x00, 0xFF, 0x00, 0x00, 0x00, 0xFF, 
    0x00, 0x00, 0x00, 0xFF, 0x00, 0x00, 0x00, 0xFF, 0x00, 0x00, 0x00, 0xFF, 
    0x00, 0x00, 0x00, 0xFF, 0x00, 0x00, 0x00, 0xFF, 0x00, 0x00, 0x00, 0xFF, 
    0x00, 0x00, 0x00, 0xFF, 0x00, 0x00, 0x00, 0xFF, 0x00, 0x00, 0x00, 0xFF, 
    0x00, 0x00, 0x00, 0xFF, 0x00, 0x00, 0x00, 0xFF, 0x0C, 0x0C, 0x0C, 0xEC, 
    0x2A, 0x2A, 0x2A, 0x18, 0x00, 0x00, 0x00, 0x00, 0x16, 0x16, 0x16, 0x37, 
    0x0C, 0x0C, 0x0C, 0xE8, 0x00, 0x00, 0x00, 0xFF, 0x00, 0x00, 0x00, 0xFF, 
    0x00, 0x00, 0x00, 0xFF, 0x00, 0x00, 0x00, 0xFF, 0x00, 0x00, 0x00, 0xFF, 
    0x00, 0x00, 0x00, 0xFF, 0x00, 0x00, 0x00, 0xFF, 0x00, 0x00, 0x00, 0xFF, 
    0x00, 0x00, 0x00, 0xFF, 0x00, 0x00, 0x00, 0xFF, 0x00, 0x00, 0x00, 0xFF, 
    0x00, 0x00, 0x00, 0xFF, 0x00, 0x00, 0x00, 0xFF, 0x00, 0x00, 0x00, 0xFF, 
    0x00, 0x00, 0x00, 0xFF, 0x00, 0x00, 0x00, 0xFF, 0x00, 0x00, 0x00, 0xFF, 
    0x00, 0x00, 0x00, 0xFF, 0x00, 0x00, 0x00, 0xFF, 0x0D, 0x0D, 0x0D, 0xEB, 
    0x05, 0x05, 0x05, 0x37, 0x00, 0x00, 0x00, 0x00, 0x00, 0x00, 0x00, 0x00, 
    0x00, 0x00, 0x00, 0x00, 0x30, 0x30, 0x30, 0x15, 0x1A, 0x1A, 0x1A, 0x85, 
    0x12, 0x12, 0x12, 0xC8, 0x02, 0x02, 0x02, 0xD5, 0x02, 0x02, 0x02, 0xD5, 
    0x02, 0x02, 0x02, 0xD5, 0x02, 0x02, 0x02, 0xD5, 0x02, 0x02, 0x02, 0xD5, 
    0x02, 0x02, 0x02, 0xD5, 0x02, 0x02, 0x02, 0xD5, 0x02, 0x02, 0x02, 0xD5, 
    0x02, 0x02, 0x02, 0xD5, 0x02, 0x02, 0x02, 0xD5, 0x02, 0x02, 0x02, 0xD5, 
    0x02, 0x02, 0x02, 0xD5, 0x02, 0x02, 0x02, 0xD5, 0x02, 0x02, 0x02, 0xD5, 
    0x02, 0x02, 0x02, 0xD5, 0x14, 0x14, 0x14, 0xC3, 0x1F, 0x1F, 0x1F, 0x83, 
    0x31, 0x31, 0x31, 0x16, 0x00, 0x00, 0x00, 0x00, 0x00, 0x00, 0x00, 0x00, 
};
static const unsigned int BatHalfImage_len = 3900;
//--------------------------------
